Time,X_Index,Y_Index,Concentration
0.00900,25,0,0.00000
0.00900,25,1,0.00000
0.00900,25,2,0.00000
0.00900,25,3,0.00000
0.00900,25,4,0.00000
0.00900,25,5,0.00000
0.00900,25,6,0.00000
0.00900,25,7,0.00000
0.00900,25,8,0.00000
0.00900,25,9,0.00000
0.00900,25,10,0.00000
0.00900,25,11,0.00000
0.00900,25,12,0.00000
0.00900,25,13,0.00000
0.00900,25,14,0.00000
0.00900,25,15,0.00000
0.00900,25,16,0.00000
0.00900,25,17,0.00000
0.00900,25,18,0.00000
0.00900,25,19,0.00000
0.00900,25,20,0.00001
0.00900,25,21,0.00001
0.00900,25,22,0.00003
0.00900,25,23,0.00005
0.00900,25,24,0.00010
0.00900,25,25,0.00019
0.00900,25,26,0.00034
0.00900,25,27,0.00060
0.00900,25,28,0.00103
0.00900,25,29,0.00174
0.00900,25,30,0.00287
0.00900,25,31,0.00463
0.00900,25,32,0.00732
0.00900,25,33,0.01133
0.00900,25,34,0.01718
0.00900,25,35,0.02552
0.00900,25,36,0.03716
0.00900,25,37,0.05301
0.00900,25,38,0.07415
0.00900,25,39,0.10172
0.00900,25,40,0.13686
0.00900,25,41,0.18069
0.00900,25,42,0.23414
0.00900,25,43,0.29791
0.00900,25,44,0.37232
0.00900,25,45,0.45725
0.00900,25,46,0.55206
0.00900,25,47,0.65561
0.00900,25,48,0.76623
0.00900,25,49,0.88183
0.00900,25,50,1.00000
0.01800,25,0,0.00000
0.01800,25,1,0.00000
0.01800,25,2,0.00000
0.01800,25,3,0.00000
0.01800,25,4,0.00000
0.01800,25,5,0.00000
0.01800,25,6,0.00000
0.01800,25,7,0.00001
0.01800,25,8,0.00001
0.01800,25,9,0.00001
0.01800,25,10,0.00002
0.01800,25,11,0.00004
0.01800,25,12,0.00006
0.01800,25,13,0.00009
0.01800,25,14,0.00015
0.01800,25,15,0.00022
0.01800,25,16,0.00034
0.01800,25,17,0.00050
0.01800,25,18,0.00074
0.01800,25,19,0.00108
0.01800,25,20,0.00156
0.01800,25,21,0.00223
0.01800,25,22,0.00316
0.01800,25,23,0.00443
0.01800,25,24,0.00614
0.01800,25,25,0.00843
0.01800,25,26,0.01144
0.01800,25,27,0.01538
0.01800,25,28,0.02046
0.01800,25,29,0.02695
0.01800,25,30,0.03514
0.01800,25,31,0.04537
0.01800,25,32,0.05799
0.01800,25,33,0.07340
0.01800,25,34,0.09200
0.01800,25,35,0.11421
0.01800,25,36,0.14044
0.01800,25,37,0.17106
0.01800,25,38,0.20643
0.01800,25,39,0.24682
0.01800,25,40,0.29243
0.01800,25,41,0.34339
0.01800,25,42,0.39969
0.01800,25,43,0.46119
0.01800,25,44,0.52765
0.01800,25,45,0.59866
0.01800,25,46,0.67372
0.01800,25,47,0.75216
0.01800,25,48,0.83326
0.01800,25,49,0.91617
0.01800,25,50,1.00000
0.02700,25,0,0.00000
0.02700,25,1,0.00001
0.02700,25,2,0.00003
0.02700,25,3,0.00005
0.02700,25,4,0.00007
0.02700,25,5,0.00010
0.02700,25,6,0.00015
0.02700,25,7,0.00021
0.02700,25,8,0.00030
0.02700,25,9,0.00041
0.02700,25,10,0.00057
0.02700,25,11,0.00079
0.02700,25,12,0.00107
0.02700,25,13,0.00145
0.02700,25,14,0.00194
0.02700,25,15,0.00259
0.02700,25,16,0.00343
0.02700,25,17,0.00451
0.02700,25,18,0.00589
0.02700,25,19,0.00764
0.02700,25,20,0.00984
0.02700,25,21,0.01259
0.02700,25,22,0.01599
0.02700,25,23,0.02018
0.02700,25,24,0.02530
0.02700,25,25,0.03150
0.02700,25,26,0.03896
0.02700,25,27,0.04787
0.02700,25,28,0.05844
0.02700,25,29,0.07087
0.02700,25,30,0.08539
0.02700,25,31,0.10222
0.02700,25,32,0.12159
0.02700,25,33,0.14372
0.02700,25,34,0.16881
0.02700,25,35,0.19705
0.02700,25,36,0.22860
0.02700,25,37,0.26358
0.02700,25,38,0.30210
0.02700,25,39,0.34418
0.02700,25,40,0.38983
0.02700,25,41,0.43898
0.02700,25,42,0.49150
0.02700,25,43,0.54723
0.02700,25,44,0.60591
0.02700,25,45,0.66724
0.02700,25,46,0.73089
0.02700,25,47,0.79644
0.02700,25,48,0.86346
0.02700,25,49,0.93148
0.02700,25,50,1.00000
0.03600,25,0,0.00000
0.03600,25,1,0.00012
0.03600,25,2,0.00024
0.03600,25,3,0.00038
0.03600,25,4,0.00055
0.03600,25,5,0.00075
0.03600,25,6,0.00101
0.03600,25,7,0.00133
0.03600,25,8,0.00173
0.03600,25,9,0.00223
0.03600,25,10,0.00286
0.03600,25,11,0.00365
0.03600,25,12,0.00462
0.03600,25,13,0.00582
0.03600,25,14,0.00730
0.03600,25,15,0.00910
0.03600,25,16,0.01128
0.03600,25,17,0.01393
0.03600,25,18,0.01710
0.03600,25,19,0.02089
0.03600,25,20,0.02539
0.03600,25,21,0.03071
0.03600,25,22,0.03696
0.03600,25,23,0.04425
0.03600,25,24,0.05273
0.03600,25,25,0.06252
0.03600,25,26,0.07377
0.03600,25,27,0.08662
0.03600,25,28,0.10122
0.03600,25,29,0.11771
0.03600,25,30,0.13624
0.03600,25,31,0.15695
0.03600,25,32,0.17996
0.03600,25,33,0.20538
0.03600,25,34,0.23331
0.03600,25,35,0.26384
0.03600,25,36,0.29702
0.03600,25,37,0.33287
0.03600,25,38,0.37140
0.03600,25,39,0.41258
0.03600,25,40,0.45635
0.03600,25,41,0.50262
0.03600,25,42,0.55125
0.03600,25,43,0.60209
0.03600,25,44,0.65494
0.03600,25,45,0.70958
0.03600,25,46,0.76575
0.03600,25,47,0.82319
0.03600,25,48,0.88158
0.03600,25,49,0.94063
0.03600,25,50,1.00000
0.04500,25,0,0.00000
0.04500,25,1,0.00041
0.04500,25,2,0.00085
0.04500,25,3,0.00132
0.04500,25,4,0.00185
0.04500,25,5,0.00245
0.04500,25,6,0.00317
0.04500,25,7,0.00401
0.04500,25,8,0.00500
0.04500,25,9,0.00619
0.04500,25,10,0.00760
0.04500,25,11,0.00928
0.04500,25,12,0.01128
0.04500,25,13,0.01363
0.04500,25,14,0.01640
0.04500,25,15,0.01964
0.04500,25,16,0.02343
0.04500,25,17,0.02784
0.04500,25,18,0.03294
0.04500,25,19,0.03882
0.04500,25,20,0.04556
0.04500,25,21,0.05327
0.04500,25,22,0.06204
0.04500,25,23,0.07196
0.04500,25,24,0.08315
0.04500,25,25,0.09571
0.04500,25,26,0.10974
0.04500,25,27,0.12535
0.04500,25,28,0.14264
0.04500,25,29,0.16170
0.04500,25,30,0.18262
0.04500,25,31,0.20548
0.04500,25,32,0.23036
0.04500,25,33,0.25730
0.04500,25,34,0.28636
0.04500,25,35,0.31755
0.04500,25,36,0.35089
0.04500,25,37,0.38637
0.04500,25,38,0.42395
0.04500,25,39,0.46359
0.04500,25,40,0.50521
0.04500,25,41,0.54872
0.04500,25,42,0.59400
0.04500,25,43,0.64092
0.04500,25,44,0.68932
0.04500,25,45,0.73902
0.04500,25,46,0.78984
0.04500,25,47,0.84157
0.04500,25,48,0.89399
0.04500,25,49,0.94688
0.04500,25,50,1.00000
0.05400,25,0,0.00000
0.05400,25,1,0.00095
0.05400,25,2,0.00194
0.05400,25,3,0.00298
0.05400,25,4,0.00411
0.05400,25,5,0.00536
0.05400,25,6,0.00676
0.05400,25,7,0.00836
0.05400,25,8,0.01018
0.05400,25,9,0.01227
0.05400,25,10,0.01468
0.05400,25,11,0.01744
0.05400,25,12,0.02061
0.05400,25,13,0.02424
0.05400,25,14,0.02840
0.05400,25,15,0.03313
0.05400,25,16,0.03852
0.05400,25,17,0.04462
0.05400,25,18,0.05151
0.05400,25,19,0.05926
0.05400,25,20,0.06795
0.05400,25,21,0.07766
0.05400,25,22,0.08846
0.05400,25,23,0.10045
0.05400,25,24,0.11369
0.05400,25,25,0.12827
0.05400,25,26,0.14427
0.05400,25,27,0.16174
0.05400,25,28,0.18077
0.05400,25,29,0.20141
0.05400,25,30,0.22372
0.05400,25,31,0.24774
0.05400,25,32,0.27352
0.05400,25,33,0.30106
0.05400,25,34,0.33039
0.05400,25,35,0.36151
0.05400,25,36,0.39441
0.05400,25,37,0.42906
0.05400,25,38,0.46541
0.05400,25,39,0.50341
0.05400,25,40,0.54298
0.05400,25,41,0.58405
0.05400,25,42,0.62651
0.05400,25,43,0.67025
0.05400,25,44,0.71513
0.05400,25,45,0.76101
0.05400,25,46,0.80776
0.05400,25,47,0.85520
0.05400,25,48,0.90317
0.05400,25,49,0.95150
0.05400,25,50,1.00000
0.06300,25,0,0.00000
0.06300,25,1,0.00171
0.06300,25,2,0.00345
0.06300,25,3,0.00527
0.06300,25,4,0.00721
0.06300,25,5,0.00930
0.06300,25,6,0.01158
0.06300,25,7,0.01410
0.06300,25,8,0.01689
0.06300,25,9,0.02002
0.06300,25,10,0.02351
0.06300,25,11,0.02743
0.06300,25,12,0.03183
0.06300,25,13,0.03675
0.06300,25,14,0.04226
0.06300,25,15,0.04841
0.06300,25,16,0.05526
0.06300,25,17,0.06288
0.06300,25,18,0.07133
0.06300,25,19,0.08068
0.06300,25,20,0.09098
0.06300,25,21,0.10230
0.06300,25,22,0.11471
0.06300,25,23,0.12826
0.06300,25,24,0.14303
0.06300,25,25,0.15906
0.06300,25,26,0.17642
0.06300,25,27,0.19514
0.06300,25,28,0.21528
0.06300,25,29,0.23687
0.06300,25,30,0.25995
0.06300,25,31,0.28455
0.06300,25,32,0.31066
0.06300,25,33,0.33831
0.06300,25,34,0.36750
0.06300,25,35,0.39820
0.06300,25,36,0.43039
0.06300,25,37,0.46405
0.06300,25,38,0.49913
0.06300,25,39,0.53556
0.06300,25,40,0.57329
0.06300,25,41,0.61223
0.06300,25,42,0.65230
0.06300,25,43,0.69340
0.06300,25,44,0.73542
0.06300,25,45,0.77825
0.06300,25,46,0.82176
0.06300,25,47,0.86583
0.06300,25,48,0.91031
0.06300,25,49,0.95509
0.06300,25,50,1.00000
0.07200,25,0,0.00000
0.07200,25,1,0.00262
0.07200,25,2,0.00529
0.07200,25,3,0.00804
0.07200,25,4,0.01092
0.07200,25,5,0.01397
0.07200,25,6,0.01725
0.07200,25,7,0.02079
0.07200,25,8,0.02464
0.07200,25,9,0.02886
0.07200,25,10,0.03348
0.07200,25,11,0.03857
0.07200,25,12,0.04416
0.07200,25,13,0.05032
0.07200,25,14,0.05709
0.07200,25,15,0.06453
0.07200,25,16,0.07270
0.07200,25,17,0.08165
0.07200,25,18,0.09143
0.07200,25,19,0.10210
0.07200,25,20,0.11371
0.07200,25,21,0.12632
0.07200,25,22,0.13997
0.07200,25,23,0.15472
0.07200,25,24,0.17061
0.07200,25,25,0.18768
0.07200,25,26,0.20597
0.07200,25,27,0.22552
0.07200,25,28,0.24635
0.07200,25,29,0.26850
0.07200,25,30,0.29196
0.07200,25,31,0.31677
0.07200,25,32,0.34292
0.07200,25,33,0.37041
0.07200,25,34,0.39922
0.07200,25,35,0.42934
0.07200,25,36,0.46074
0.07200,25,37,0.49338
0.07200,25,38,0.52722
0.07200,25,39,0.56221
0.07200,25,40,0.59828
0.07200,25,41,0.63537
0.07200,25,42,0.67340
0.07200,25,43,0.71227
0.07200,25,44,0.75191
0.07200,25,45,0.79222
0.07200,25,46,0.83309
0.07200,25,47,0.87441
0.07200,25,48,0.91608
0.07200,25,49,0.95798
0.07200,25,50,1.00000
0.08100,25,0,0.00000
0.08100,25,1,0.00363
0.08100,25,2,0.00731
0.08100,25,3,0.01108
0.08100,25,4,0.01499
0.08100,25,5,0.01909
0.08100,25,6,0.02342
0.08100,25,7,0.02803
0.08100,25,8,0.03297
0.08100,25,9,0.03828
0.08100,25,10,0.04402
0.08100,25,11,0.05024
0.08100,25,12,0.05698
0.08100,25,13,0.06429
0.08100,25,14,0.07222
0.08100,25,15,0.08083
0.08100,25,16,0.09016
0.08100,25,17,0.10025
0.08100,25,18,0.11117
0.08100,25,19,0.12294
0.08100,25,20,0.13562
0.08100,25,21,0.14926
0.08100,25,22,0.16388
0.08100,25,23,0.17954
0.08100,25,24,0.19625
0.08100,25,25,0.21407
0.08100,25,26,0.23300
0.08100,25,27,0.25309
0.08100,25,28,0.27433
0.08100,25,29,0.29676
0.08100,25,30,0.32038
0.08100,25,31,0.34519
0.08100,25,32,0.37118
0.08100,25,33,0.39836
0.08100,25,34,0.42669
0.08100,25,35,0.45616
0.08100,25,36,0.48675
0.08100,25,37,0.51841
0.08100,25,38,0.55109
0.08100,25,39,0.58476
0.08100,25,40,0.61936
0.08100,25,41,0.65481
0.08100,25,42,0.69107
0.08100,25,43,0.72804
0.08100,25,44,0.76566
0.08100,25,45,0.80384
0.08100,25,46,0.84250
0.08100,25,47,0.88153
0.08100,25,48,0.92086
0.08100,25,49,0.96038
0.08100,25,50,1.00000
0.09000,25,0,0.00000
0.09000,25,1,0.00469
0.09000,25,2,0.00943
0.09000,25,3,0.01426
0.09000,25,4,0.01923
0.09000,25,5,0.02439
0.09000,25,6,0.02979
0.09000,25,7,0.03548
0.09000,25,8,0.04149
0.09000,25,9,0.04789
0.09000,25,10,0.05471
0.09000,25,11,0.06201
0.09000,25,12,0.06982
0.09000,25,13,0.07820
0.09000,25,14,0.08719
0.09000,25,15,0.09684
0.09000,25,16,0.10719
0.09000,25,17,0.11828
0.09000,25,18,0.13016
0.09000,25,19,0.14286
0.09000,25,20,0.15642
0.09000,25,21,0.17088
0.09000,25,22,0.18627
0.09000,25,23,0.20262
0.09000,25,24,0.21995
0.09000,25,25,0.23830
0.09000,25,26,0.25767
0.09000,25,27,0.27810
0.09000,25,28,0.29958
0.09000,25,29,0.32212
0.09000,25,30,0.34574
0.09000,25,31,0.37042
0.09000,25,32,0.39616
0.09000,25,33,0.42294
0.09000,25,34,0.45075
0.09000,25,35,0.47956
0.09000,25,36,0.50934
0.09000,25,37,0.54006
0.09000,25,38,0.57168
0.09000,25,39,0.60415
0.09000,25,40,0.63742
0.09000,25,41,0.67144
0.09000,25,42,0.70615
0.09000,25,43,0.74147
0.09000,25,44,0.77735
0.09000,25,45,0.81371
0.09000,25,46,0.85047
0.09000,25,47,0.88756
0.09000,25,48,0.92490
0.09000,25,49,0.96241
0.09000,25,50,1.00000
0.09900,25,0,0.00000
0.09900,25,1,0.00575
0.09900,25,2,0.01155
0.09900,25,3,0.01745
0.09900,25,4,0.02348
0.09900,25,5,0.02970
0.09900,25,6,0.03616
0.09900,25,7,0.04289
0.09900,25,8,0.04996
0.09900,25,9,0.05739
0.09900,25,10,0.06524
0.09900,25,11,0.07355
0.09900,25,12,0.08237
0.09900,25,13,0.09173
0.09900,25,14,0.10169
0.09900,25,15,0.11227
0.09900,25,16,0.12353
0.09900,25,17,0.13549
0.09900,25,18,0.14819
0.09900,25,19,0.16167
0.09900,25,20,0.17596
0.09900,25,21,0.19110
0.09900,25,22,0.20709
0.09900,25,23,0.22398
0.09900,25,24,0.24178
0.09900,25,25,0.26051
0.09900,25,26,0.28018
0.09900,25,27,0.30081
0.09900,25,28,0.32240
0.09900,25,29,0.34496
0.09900,25,30,0.36848
0.09900,25,31,0.39295
0.09900,25,32,0.41838
0.09900,25,33,0.44473
0.09900,25,34,0.47200
0.09900,25,35,0.50016
0.09900,25,36,0.52917
0.09900,25,37,0.55902
0.09900,25,38,0.58966
0.09900,25,39,0.62104
0.09900,25,40,0.65313
0.09900,25,41,0.68586
0.09900,25,42,0.71920
0.09900,25,43,0.75308
0.09900,25,44,0.78744
0.09900,25,45,0.82221
0.09900,25,46,0.85734
0.09900,25,47,0.89276
0.09900,25,48,0.92838
0.09900,25,49,0.96416
0.09900,25,50,1.00000
0.10800,25,0,0.00000
0.10800,25,1,0.00680
0.10800,25,2,0.01364
0.10800,25,3,0.02057
0.10800,25,4,0.02764
0.10800,25,5,0.03489
0.10800,25,6,0.04236
0.10800,25,7,0.05011
0.10800,25,8,0.05817
0.10800,25,9,0.06659
0.10800,25,10,0.07541
0.10800,25,11,0.08467
0.10800,25,12,0.09442
0.10800,25,13,0.10469
0.10800,25,14,0.11551
0.10800,25,15,0.12694
0.10800,25,16,0.13899
0.10800,25,17,0.15172
0.10800,25,18,0.16514
0.10800,25,19,0.17929
0.10800,25,20,0.19420
0.10800,25,21,0.20989
0.10800,25,22,0.22638
0.10800,25,23,0.24369
0.10800,25,24,0.26185
0.10800,25,25,0.28085
0.10800,25,26,0.30073
0.10800,25,27,0.32147
0.10800,25,28,0.34309
0.10800,25,29,0.36558
0.10800,25,30,0.38895
0.10800,25,31,0.41318
0.10800,25,32,0.43826
0.10800,25,33,0.46418
0.10800,25,34,0.49092
0.10800,25,35,0.51845
0.10800,25,36,0.54674
0.10800,25,37,0.57577
0.10800,25,38,0.60551
0.10800,25,39,0.63590
0.10800,25,40,0.66692
0.10800,25,41,0.69851
0.10800,25,42,0.73064
0.10800,25,43,0.76323
0.10800,25,44,0.79625
0.10800,25,45,0.82964
0.10800,25,46,0.86334
0.10800,25,47,0.89728
0.10800,25,48,0.93142
0.10800,25,49,0.96568
0.10800,25,50,1.00000
0.11700,25,0,0.00000
0.11700,25,1,0.00780
0.11700,25,2,0.01564
0.11700,25,3,0.02357
0.11700,25,4,0.03163
0.11700,25,5,0.03987
0.11700,25,6,0.04832
0.11700,25,7,0.05702
0.11700,25,8,0.06603
0.11700,25,9,0.07537
0.11700,25,10,0.08510
0.11700,25,11,0.09524
0.11700,25,12,0.10584
0.11700,25,13,0.11694
0.11700,25,14,0.12856
0.11700,25,15,0.14074
0.11700,25,16,0.15352
0.11700,25,17,0.16692
0.11700,25,18,0.18097
0.11700,25,19,0.19570
0.11700,25,20,0.21113
0.11700,25,21,0.22728
0.11700,25,22,0.24418
0.11700,25,23,0.26183
0.11700,25,24,0.28026
0.11700,25,25,0.29948
0.11700,25,26,0.31948
0.11700,25,27,0.34028
0.11700,25,28,0.36188
0.11700,25,29,0.38427
0.11700,25,30,0.40745
0.11700,25,31,0.43141
0.11700,25,32,0.45615
0.11700,25,33,0.48163
0.11700,25,34,0.50785
0.11700,25,35,0.53479
0.11700,25,36,0.56241
0.11700,25,37,0.59069
0.11700,25,38,0.61960
0.11700,25,39,0.64910
0.11700,25,40,0.67915
0.11700,25,41,0.70971
0.11700,25,42,0.74075
0.11700,25,43,0.77220
0.11700,25,44,0.80403
0.11700,25,45,0.83619
0.11700,25,46,0.86862
0.11700,25,47,0.90127
0.11700,25,48,0.93409
0.11700,25,49,0.96702
0.11700,25,50,1.00000
0.12600,25,0,0.00000
0.12600,25,1,0.00875
0.12600,25,2,0.01755
0.12600,25,3,0.02642
0.12600,25,4,0.03542
0.12600,25,5,0.04459
0.12600,25,6,0.05395
0.12600,25,7,0.06356
0.12600,25,8,0.07345
0.12600,25,9,0.08367
0.12600,25,10,0.09423
0.12600,25,11,0.10519
0.12600,25,12,0.11658
0.12600,25,13,0.12843
0.12600,25,14,0.14078
0.12600,25,15,0.15364
0.12600,25,16,0.16706
0.12600,25,17,0.18106
0.12600,25,18,0.19567
0.12600,25,19,0.21090
0.12600,25,20,0.22679
0.12600,25,21,0.24334
0.12600,25,22,0.26058
0.12600,25,23,0.27851
0.12600,25,24,0.29716
0.12600,25,25,0.31652
0.12600,25,26,0.33661
0.12600,25,27,0.35742
0.12600,25,28,0.37896
0.12600,25,29,0.40123
0.12600,25,30,0.42421
0.12600,25,31,0.44790
0.12600,25,32,0.47229
0.12600,25,33,0.49736
0.12600,25,34,0.52309
0.12600,25,35,0.54947
0.12600,25,36,0.57647
0.12600,25,37,0.60406
0.12600,25,38,0.63221
0.12600,25,39,0.66089
0.12600,25,40,0.69006
0.12600,25,41,0.71970
0.12600,25,42,0.74975
0.12600,25,43,0.78018
0.12600,25,44,0.81095
0.12600,25,45,0.84201
0.12600,25,46,0.87331
0.12600,25,47,0.90481
0.12600,25,48,0.93646
0.12600,25,49,0.96820
0.12600,25,50,1.00000
0.13500,25,0,0.00000
0.13500,25,1,0.00965
0.13500,25,2,0.01934
0.13500,25,3,0.02911
0.13500,25,4,0.03899
0.13500,25,5,0.04902
0.13500,25,6,0.05925
0.13500,25,7,0.06970
0.13500,25,8,0.08042
0.13500,25,9,0.09143
0.13500,25,10,0.10278
0.13500,25,11,0.11449
0.13500,25,12,0.12661
0.13500,25,13,0.13915
0.13500,25,14,0.15215
0.13500,25,15,0.16564
0.13500,25,16,0.17964
0.13500,25,17,0.19418
0.13500,25,18,0.20928
0.13500,25,19,0.22495
0.13500,25,20,0.24123
0.13500,25,21,0.25813
0.13500,25,22,0.27565
0.13500,25,23,0.29382
0.13500,25,24,0.31264
0.13500,25,25,0.33211
0.13500,25,26,0.35225
0.13500,25,27,0.37306
0.13500,25,28,0.39452
0.13500,25,29,0.41665
0.13500,25,30,0.43943
0.13500,25,31,0.46285
0.13500,25,32,0.48691
0.13500,25,33,0.51158
0.13500,25,34,0.53686
0.13500,25,35,0.56271
0.13500,25,36,0.58913
0.13500,25,37,0.61608
0.13500,25,38,0.64354
0.13500,25,39,0.67147
0.13500,25,40,0.69986
0.13500,25,41,0.72865
0.13500,25,42,0.75782
0.13500,25,43,0.78733
0.13500,25,44,0.81714
0.13500,25,45,0.84722
0.13500,25,46,0.87751
0.13500,25,47,0.90797
0.13500,25,48,0.93858
0.13500,25,49,0.96927
0.13500,25,50,1.00000
0.14400,25,0,0.00000
0.14400,25,1,0.01049
0.14400,25,2,0.02101
0.14400,25,3,0.03161
0.14400,25,4,0.04232
0.14400,25,5,0.05316
0.14400,25,6,0.06419
0.14400,25,7,0.07542
0.14400,25,8,0.08690
0.14400,25,9,0.09866
0.14400,25,10,0.11073
0.14400,25,11,0.12314
0.14400,25,12,0.13592
0.14400,25,13,0.14909
0.14400,25,14,0.16269
0.14400,25,15,0.17675
0.14400,25,16,0.19127
0.14400,25,17,0.20629
0.14400,25,18,0.22183
0.14400,25,19,0.23791
0.14400,25,20,0.25454
0.14400,25,21,0.27173
0.14400,25,22,0.28950
0.14400,25,23,0.30786
0.14400,25,24,0.32682
0.14400,25,25,0.34638
0.14400,25,26,0.36655
0.14400,25,27,0.38733
0.14400,25,28,0.40871
0.14400,25,29,0.43069
0.14400,25,30,0.45327
0.14400,25,31,0.47643
0.14400,25,32,0.50017
0.14400,25,33,0.52448
0.14400,25,34,0.54932
0.14400,25,35,0.57470
0.14400,25,36,0.60058
0.14400,25,37,0.62694
0.14400,25,38,0.65377
0.14400,25,39,0.68102
0.14400,25,40,0.70868
0.14400,25,41,0.73671
0.14400,25,42,0.76508
0.14400,25,43,0.79376
0.14400,25,44,0.82271
0.14400,25,45,0.85190
0.14400,25,46,0.88128
0.14400,25,47,0.91082
0.14400,25,48,0.94048
0.14400,25,49,0.97022
0.14400,25,50,1.00000
0.15300,25,0,0.00000
0.15300,25,1,0.01127
0.15300,25,2,0.02257
0.15300,25,3,0.03394
0.15300,25,4,0.04541
0.15300,25,5,0.05701
0.15300,25,6,0.06877
0.15300,25,7,0.08073
0.15300,25,8,0.09292
0.15300,25,9,0.10537
0.15300,25,10,0.11810
0.15300,25,11,0.13115
0.15300,25,12,0.14453
0.15300,25,13,0.15829
0.15300,25,14,0.17244
0.15300,25,15,0.18700
0.15300,25,16,0.20201
0.15300,25,17,0.21747
0.15300,25,18,0.23340
0.15300,25,19,0.24983
0.15300,25,20,0.26677
0.15300,25,21,0.28422
0.15300,25,22,0.30221
0.15300,25,23,0.32074
0.15300,25,24,0.33981
0.15300,25,25,0.35944
0.15300,25,26,0.37963
0.15300,25,27,0.40036
0.15300,25,28,0.42165
0.15300,25,29,0.44349
0.15300,25,30,0.46588
0.15300,25,31,0.48880
0.15300,25,32,0.51224
0.15300,25,33,0.53619
0.15300,25,34,0.56064
0.15300,25,35,0.58557
0.15300,25,36,0.61096
0.15300,25,37,0.63678
0.15300,25,38,0.66303
0.15300,25,39,0.68966
0.15300,25,40,0.71666
0.15300,25,41,0.74400
0.15300,25,42,0.77165
0.15300,25,43,0.79957
0.15300,25,44,0.82774
0.15300,25,45,0.85612
0.15300,25,46,0.88468
0.15300,25,47,0.91338
0.15300,25,48,0.94220
0.15300,25,49,0.97108
0.15300,25,50,1.00000
0.16200,25,0,0.00000
0.16200,25,1,0.01199
0.16200,25,2,0.02401
0.16200,25,3,0.03610
0.16200,25,4,0.04827
0.16200,25,5,0.06057
0.16200,25,6,0.07302
0.16200,25,7,0.08565
0.16200,25,8,0.09849
0.16200,25,9,0.11157
0.16200,25,10,0.12491
0.16200,25,11,0.13854
0.16200,25,12,0.15249
0.16200,25,13,0.16678
0.16200,25,14,0.18142
0.16200,25,15,0.19646
0.16200,25,16,0.21189
0.16200,25,17,0.22774
0.16200,25,18,0.24404
0.16200,25,19,0.26078
0.16200,25,20,0.27800
0.16200,25,21,0.29569
0.16200,25,22,0.31386
0.16200,25,23,0.33254
0.16200,25,24,0.35171
0.16200,25,25,0.37139
0.16200,25,26,0.39158
0.16200,25,27,0.41227
0.16200,25,28,0.43347
0.16200,25,29,0.45518
0.16200,25,30,0.47737
0.16200,25,31,0.50006
0.16200,25,32,0.52322
0.16200,25,33,0.54685
0.16200,25,34,0.57093
0.16200,25,35,0.59545
0.16200,25,36,0.62038
0.16200,25,37,0.64572
0.16200,25,38,0.67143
0.16200,25,39,0.69750
0.16200,25,40,0.72390
0.16200,25,41,0.75061
0.16200,25,42,0.77759
0.16200,25,43,0.80483
0.16200,25,44,0.83229
0.16200,25,45,0.85995
0.16200,25,46,0.88776
0.16200,25,47,0.91571
0.16200,25,48,0.94375
0.16200,25,49,0.97186
0.16200,25,50,1.00000
0.17100,25,0,0.00000
0.17100,25,1,0.01266
0.17100,25,2,0.02534
0.17100,25,3,0.03809
0.17100,25,4,0.05091
0.17100,25,5,0.06385
0.17100,25,6,0.07693
0.17100,25,7,0.09018
0.17100,25,8,0.10362
0.17100,25,9,0.11728
0.17100,25,10,0.13118
0.17100,25,11,0.14535
0.17100,25,12,0.15981
0.17100,25,13,0.17459
0.17100,25,14,0.18969
0.17100,25,15,0.20515
0.17100,25,16,0.22098
0.17100,25,17,0.23719
0.17100,25,18,0.25381
0.17100,25,19,0.27084
0.17100,25,20,0.28830
0.17100,25,21,0.30620
0.17100,25,22,0.32454
0.17100,25,23,0.34334
0.17100,25,24,0.36260
0.17100,25,25,0.38232
0.17100,25,26,0.40251
0.17100,25,27,0.42316
0.17100,25,28,0.44427
0.17100,25,29,0.46584
0.17100,25,30,0.48786
0.17100,25,31,0.51033
0.17100,25,32,0.53324
0.17100,25,33,0.55657
0.17100,25,34,0.58031
0.17100,25,35,0.60444
0.17100,25,36,0.62896
0.17100,25,37,0.65385
0.17100,25,38,0.67907
0.17100,25,39,0.70463
0.17100,25,40,0.73048
0.17100,25,41,0.75661
0.17100,25,42,0.78300
0.17100,25,43,0.80961
0.17100,25,44,0.83643
0.17100,25,45,0.86342
0.17100,25,46,0.89056
0.17100,25,47,0.91781
0.17100,25,48,0.94516
0.17100,25,49,0.97256
0.17100,25,50,1.00000
0.18000,25,0,0.00000
0.18000,25,1,0.01327
0.18000,25,2,0.02657
0.18000,25,3,0.03992
0.18000,25,4,0.05335
0.18000,25,5,0.06688
0.18000,25,6,0.08054
0.18000,25,7,0.09435
0.18000,25,8,0.10835
0.18000,25,9,0.12254
0.18000,25,10,0.13696
0.18000,25,11,0.15162
0.18000,25,12,0.16655
0.18000,25,13,0.18177
0.18000,25,14,0.19729
0.18000,25,15,0.21314
0.18000,25,16,0.22932
0.18000,25,17,0.24586
0.18000,25,18,0.26277
0.18000,25,19,0.28006
0.18000,25,20,0.29775
0.18000,25,21,0.31583
0.18000,25,22,0.33433
0.18000,25,23,0.35324
0.18000,25,24,0.37257
0.18000,25,25,0.39233
0.18000,25,26,0.41251
0.18000,25,27,0.43311
0.18000,25,28,0.45414
0.18000,25,29,0.47558
0.18000,25,30,0.49744
0.18000,25,31,0.51971
0.18000,25,32,0.54237
0.18000,25,33,0.56542
0.18000,25,34,0.58885
0.18000,25,35,0.61264
0.18000,25,36,0.63678
0.18000,25,37,0.66125
0.18000,25,38,0.68603
0.18000,25,39,0.71111
0.18000,25,40,0.73646
0.18000,25,41,0.76207
0.18000,25,42,0.78791
0.18000,25,43,0.81395
0.18000,25,44,0.84018
0.18000,25,45,0.86657
0.18000,25,46,0.89310
0.18000,25,47,0.91973
0.18000,25,48,0.94644
0.18000,25,49,0.97321
0.18000,25,50,1.00000
0.18900,25,0,0.00000
0.18900,25,1,0.01384
0.18900,25,2,0.02770
0.18900,25,3,0.04161
0.18900,25,4,0.05559
0.18900,25,5,0.06966
0.18900,25,6,0.08386
0.18900,25,7,0.09819
0.18900,25,8,0.11269
0.18900,25,9,0.12737
0.18900,25,10,0.14226
0.18900,25,11,0.15738
0.18900,25,12,0.17274
0.18900,25,13,0.18836
0.18900,25,14,0.20427
0.18900,25,15,0.22047
0.18900,25,16,0.23698
0.18900,25,17,0.25382
0.18900,25,18,0.27100
0.18900,25,19,0.28852
0.18900,25,20,0.30641
0.18900,25,21,0.32466
0.18900,25,22,0.34329
0.18900,25,23,0.36230
0.18900,25,24,0.38170
0.18900,25,25,0.40148
0.18900,25,26,0.42165
0.18900,25,27,0.44221
0.18900,25,28,0.46316
0.18900,25,29,0.48449
0.18900,25,30,0.50619
0.18900,25,31,0.52827
0.18900,25,32,0.55071
0.18900,25,33,0.57351
0.18900,25,34,0.59665
0.18900,25,35,0.62012
0.18900,25,36,0.64391
0.18900,25,37,0.66800
0.18900,25,38,0.69238
0.18900,25,39,0.71702
0.18900,25,40,0.74192
0.18900,25,41,0.76704
0.18900,25,42,0.79238
0.18900,25,43,0.81791
0.18900,25,44,0.84361
0.18900,25,45,0.86945
0.18900,25,46,0.89541
0.18900,25,47,0.92147
0.18900,25,48,0.94761
0.18900,25,49,0.97379
0.18900,25,50,1.00000
0.19800,25,0,0.00000
0.19800,25,1,0.01436
0.19800,25,2,0.02873
0.19800,25,3,0.04316
0.19800,25,4,0.05764
0.19800,25,5,0.07222
0.19800,25,6,0.08690
0.19800,25,7,0.10172
0.19800,25,8,0.11668
0.19800,25,9,0.13181
0.19800,25,10,0.14713
0.19800,25,11,0.16266
0.19800,25,12,0.17842
0.19800,25,13,0.19441
0.19800,25,14,0.21067
0.19800,25,15,0.22719
0.19800,25,16,0.24400
0.19800,25,17,0.26111
0.19800,25,18,0.27853
0.19800,25,19,0.29627
0.19800,25,20,0.31434
0.19800,25,21,0.33275
0.19800,25,22,0.35150
0.19800,25,23,0.37060
0.19800,25,24,0.39005
0.19800,25,25,0.40985
0.19800,25,26,0.43002
0.19800,25,27,0.45053
0.19800,25,28,0.47140
0.19800,25,29,0.49262
0.19800,25,30,0.51419
0.19800,25,31,0.53610
0.19800,25,32,0.55833
0.19800,25,33,0.58090
0.19800,25,34,0.60377
0.19800,25,35,0.62695
0.19800,25,36,0.65042
0.19800,25,37,0.67416
0.19800,25,38,0.69816
0.19800,25,39,0.72241
0.19800,25,40,0.74689
0.19800,25,41,0.77158
0.19800,25,42,0.79646
0.19800,25,43,0.82152
0.19800,25,44,0.84673
0.19800,25,45,0.87207
0.19800,25,46,0.89752
0.19800,25,47,0.92306
0.19800,25,48,0.94867
0.19800,25,49,0.97432
0.19800,25,50,1.00000
