seed,ps,N,target_occupancy,max_steps_per_walker,occupied_pixels,occupancy,bbox_density,perimeter,perimeter_per_occupied,R_g,D_est,D_r,max_width,height,aspect_ratio,top_row_fraction,touches_top,endpoints,branchpoints,skeleton_length,branching_ratio
0,1.0,100,0.1,100000,920,0.092,0.092,873,0.9489130434782609,68.46277154013356,1.1293671342000837,0.99782026050721,100,100,1.0,0.99,1,177,63,601,0.3559322033898305
1,1.0,100,0.1,100000,1000,0.1,0.1,951,0.951,69.94914581322634,1.2617809780285063,0.9998376265024531,100,100,1.0,0.99,1,194,65,633,0.33505154639175255
2,1.0,100,0.1,100000,986,0.0986,0.0986,939,0.9523326572008114,70.82159111995915,1.1935115615546237,0.9991237588842891,100,100,1.0,0.99,1,167,63,650,0.3772455089820359
3,1.0,100,0.1,100000,1000,0.1,0.1,960,0.96,68.19768324510738,1.2512501702645915,0.9980433601993607,100,100,1.0,0.8,1,200,73,670,0.365
4,1.0,100,0.1,100000,941,0.0941,0.0941,881,0.9362380446333688,70.43407239915219,1.3044046213377618,0.999969922281351,100,100,1.0,0.99,1,182,56,571,0.3076923076923077
5,1.0,100,0.1,100000,1000,0.1,0.1397819401733296,958,0.958,57.6787309153036,1.469299727667928,0.9997727650372699,73,98,0.7448979591836735,0.0,0,243,74,650,0.3045267489711934
6,1.0,100,0.1,100000,1000,0.1,0.14925373134328357,965,0.965,65.04889699295447,1.5294468445267835,0.9997804831266307,67,100,0.67,0.56,1,210,56,637,0.26666666666666666
7,1.0,100,0.1,100000,1000,0.1,0.12987012987012986,962,0.962,63.53399090250824,1.4139095123086596,0.999895553906799,77,100,0.77,0.49,1,222,65,655,0.2927927927927928
8,1.0,100,0.1,100000,975,0.0975,0.0975,925,0.9487179487179487,70.60532412553458,1.3349256991538343,0.9978882781628267,100,100,1.0,0.99,1,174,53,600,0.3045977011494253
9,1.0,100,0.1,100000,955,0.0955,0.0955,894,0.9361256544502617,68.86787562567702,1.2702841906813507,0.9999114852839819,100,100,1.0,0.99,1,175,56,597,0.32
10,1.0,100,0.1,100000,1000,0.1,0.16129032258064516,959,0.959,63.33093241063169,1.4515191350564562,0.9989721320400075,62,100,0.62,0.47,1,211,68,662,0.3222748815165877
11,1.0,100,0.1,100000,945,0.0945,0.09545454545454546,887,0.9386243386243386,67.34059366797679,1.2187026561536485,0.9997331168355046,99,100,0.99,0.99,1,187,69,604,0.3689839572192513
12,1.0,100,0.1,100000,988,0.0988,0.0988,942,0.9534412955465587,69.50762344231883,1.3245464190704357,0.9993377007892131,100,100,1.0,0.99,1,185,62,637,0.33513513513513515
13,1.0,100,0.1,100000,944,0.0944,0.0944,898,0.951271186440678,71.57534254907166,1.2924812503605776,0.9997357654555925,100,100,1.0,0.99,1,177,82,604,0.4632768361581921
14,1.0,100,0.1,100000,1000,0.1,0.16393442622950818,958,0.958,63.12169199253138,1.477098155193438,0.9999507121255266,61,100,0.61,0.46,1,239,69,654,0.28870292887029286
15,1.0,100,0.1,100000,890,0.089,0.0898989898989899,849,0.9539325842696629,70.34218131327826,1.1935115615546235,0.9977449686877542,99,100,0.99,0.99,1,169,56,577,0.33136094674556216
16,1.0,100,0.1,100000,1000,0.1,0.15873015873015872,958,0.958,65.66200575675403,1.4319692252119858,0.9999922952682521,63,100,0.63,0.56,1,200,60,656,0.3
17,1.0,100,0.1,100000,1000,0.1,0.1,955,0.955,65.5178143713601,1.345157750433692,0.9997725428870317,100,100,1.0,0.76,1,209,73,641,0.3492822966507177
18,1.0,100,0.1,100000,847,0.0847,0.0847,809,0.9551357733175915,69.97351497610349,1.2554809596386893,0.998531516933788,100,100,1.0,0.99,1,162,54,538,0.3333333333333333
19,1.0,100,0.1,100000,998,0.0998,0.0998,946,0.9478957915831663,69.33615944088643,1.3390359525563182,0.999463512588436,100,100,1.0,0.99,1,199,60,624,0.3015075376884422
20,1.0,100,0.1,100000,952,0.0952,0.0952,904,0.9495798319327731,71.41505649453515,1.1609640474436806,0.9987142035064499,100,100,1.0,0.99,1,172,58,593,0.3372093023255814
21,1.0,100,0.1,100000,1000,0.1,0.1,949,0.949,67.6029511190155,1.2246537006817948,0.9984630596983867,100,100,1.0,0.95,1,207,68,657,0.3285024154589372
22,1.0,100,0.1,100000,984,0.0984,0.0984,937,0.9522357723577236,70.27257470804355,1.2144216494019373,0.998696446325041,100,100,1.0,0.99,1,169,53,621,0.3136094674556213
23,1.0,100,0.1,100000,1000,0.1,0.1,963,0.963,69.41790835224006,1.2823923093917626,0.9996353550321492,100,100,1.0,0.83,1,169,68,651,0.40236686390532544
24,1.0,100,0.1,100000,1000,0.1,0.11235955056179775,962,0.962,67.83619977563602,1.4339482319963268,0.99975099224291,89,100,0.89,0.86,1,204,67,643,0.3284313725490196
0,0.5,100,0.1,100000,1000,0.1,0.1694915254237288,934,0.934,54.410660720119914,1.560507700480683,0.9996477439264616,59,100,0.59,0.02,1,225,87,662,0.38666666666666666
1,0.5,100,0.1,100000,1000,0.1,0.2,927,0.927,58.01682514581439,1.560507700480683,0.9999999970601665,50,100,0.5,0.02,1,230,91,642,0.39565217391304347
2,0.5,100,0.1,100000,1000,0.1,0.17543859649122806,919,0.919,61.33285416479491,1.5849625007211567,0.9996368847971231,57,100,0.57,0.35,1,184,103,643,0.5597826086956522
3,0.5,100,0.1,100000,1000,0.1,0.16339869281045752,926,0.926,56.99232404455884,1.5849625007211559,0.9996714433008147,68,90,0.7555555555555555,0.0,0,236,97,631,0.4110169491525424
4,0.5,100,0.1,100000,1000,0.1,0.14226774790155072,930,0.93,56.642466401102276,1.415037499278843,0.9969251636347707,71,99,0.7171717171717171,0.0,0,223,105,656,0.47085201793721976
5,0.5,100,0.1,100000,1000,0.1,0.16129032258064516,938,0.938,61.16970655479721,1.5376440636521183,0.999078201328991,62,100,0.62,0.16,1,225,82,643,0.36444444444444446
6,0.5,100,0.1,100000,1000,0.1,0.13157894736842105,902,0.902,69.00626058554397,1.2924812503605776,0.9976122921052318,76,100,0.76,0.74,1,204,83,610,0.4068627450980392
7,0.5,100,0.1,100000,1000,0.1,0.17295053614666206,933,0.933,47.928404939033804,1.5933503570965701,0.9999816848830914,59,98,0.6020408163265306,0.0,0,222,104,662,0.46846846846846846
8,0.5,100,0.1,100000,1000,0.1,0.16622340425531915,929,0.929,58.95126801011154,1.6961587113893797,0.9992844673953292,64,94,0.6808510638297872,0.0,0,235,94,650,0.4
9,0.5,100,0.1,100000,1000,0.1,0.15384615384615385,910,0.91,66.11119421096551,1.4036774610288014,0.999989083923443,65,100,0.65,0.53,1,203,78,603,0.3842364532019704
10,0.5,100,0.1,100000,1000,0.1,0.1694915254237288,939,0.939,55.59720316706588,1.467934831290142,0.9999262962982403,59,100,0.59,0.05,1,238,91,651,0.38235294117647056
11,0.5,100,0.1,100000,1000,0.1,0.15873015873015872,927,0.927,50.23685897824425,1.5221970596792262,0.9997167541123023,75,84,0.8928571428571429,0.0,0,210,90,630,0.42857142857142855
12,0.5,100,0.1,100000,1000,0.1,0.16129032258064516,920,0.92,67.09303987747164,1.457803906354814,0.9997173744742555,62,100,0.62,0.62,1,209,76,622,0.36363636363636365
13,0.5,100,0.1,100000,1000,0.1,0.12195121951219512,909,0.909,67.98182109946747,1.2924812503605776,0.9999134989419076,82,100,0.82,0.76,1,194,68,615,0.35051546391752575
14,0.5,100,0.1,100000,1000,0.1,0.18867924528301888,912,0.912,60.08210216029396,1.4213801290944013,0.9999833549743523,53,100,0.53,0.52,1,211,79,634,0.3744075829383886
15,0.5,100,0.1,100000,1000,0.1,0.15625,937,0.937,59.43620108990816,1.5221970596792262,0.9999998659995467,64,100,0.64,0.27,1,232,74,652,0.31896551724137934
16,0.5,100,0.1,100000,1000,0.1,0.2127659574468085,924,0.924,64.92427897173754,1.5721949546675873,0.9999033725702461,47,100,0.47,0.47,1,197,85,625,0.43147208121827413
17,0.5,100,0.1,100000,1000,0.1,0.15625,916,0.916,52.41658134598249,1.561691207752641,0.9994421822400396,64,100,0.64,0.09,1,205,79,614,0.3853658536585366
18,0.5,100,0.1,100000,1000,0.1,0.14084507042253522,929,0.929,68.56108954793527,1.3276759143062766,0.9996051516918704,71,100,0.71,0.52,1,219,92,646,0.4200913242009132
19,0.5,100,0.1,100000,1000,0.1,0.16666666666666666,933,0.933,58.65483782263829,1.4248328634577843,0.9997399403340448,60,100,0.6,0.27,1,221,84,635,0.38009049773755654
20,0.5,100,0.1,100000,1000,0.1,0.12987012987012986,912,0.912,67.85756405884314,1.3502198590705454,0.999926833520269,77,100,0.77,0.76,1,162,83,619,0.5123456790123457
21,0.5,100,0.1,100000,1000,0.1,0.14825796886582654,926,0.926,53.10244815448719,1.5734206941646354,0.9995837525868511,71,95,0.7473684210526316,0.0,0,197,108,670,0.5482233502538071
22,0.5,100,0.1,100000,1000,0.1,0.17295053614666206,923,0.923,53.07730211681826,1.6057520525968558,0.999616403424253,59,98,0.6020408163265306,0.0,0,217,72,623,0.3317972350230415
23,0.5,100,0.1,100000,1000,0.1,0.1949317738791423,941,0.941,54.31762145013347,1.5563500663746814,0.9998106986224332,54,95,0.5684210526315789,0.0,0,225,94,670,0.4177777777777778
24,0.5,100,0.1,100000,1000,0.1,0.18037518037518038,936,0.936,49.818279777607735,1.5963225389711972,0.9997967504679838,66,84,0.7857142857142857,0.0,0,237,87,636,0.3670886075949367
0,0.2,100,0.1,100000,1000,0.1,0.2527805864509606,862,0.862,45.76569676078361,1.5412310800959865,0.9999838701218273,46,86,0.5348837209302325,0.0,0,198,141,643,0.7121212121212122
1,0.2,100,0.1,100000,1000,0.1,0.23809523809523808,875,0.875,52.2682695332455,1.5390012560006368,0.9999062616625104,42,100,0.42,0.04,1,192,141,652,0.734375
2,0.2,100,0.1,100000,1000,0.1,0.21367521367521367,877,0.877,44.826956175943955,1.524621759509925,0.9999649145033722,60,78,0.7692307692307693,0.0,0,206,127,646,0.616504854368932
3,0.2,100,0.1,100000,1000,0.1,0.23148148148148148,898,0.898,40.866294179922896,1.608158953463382,0.9997737178376074,60,72,0.8333333333333334,0.0,0,204,113,649,0.553921568627451
4,0.2,100,0.1,100000,1000,0.1,0.2178649237472767,898,0.898,53.94596370443298,1.576001546722525,0.9997468904111475,51,90,0.5666666666666667,0.0,0,212,106,628,0.5
5,0.2,100,0.1,100000,1000,0.1,0.21547080370609784,887,0.887,53.016393691008446,1.5484307696262951,0.9998533876172694,51,91,0.5604395604395604,0.0,0,208,127,630,0.6105769230769231
6,0.2,100,0.1,100000,1000,0.1,0.21777003484320556,887,0.887,40.88123041201182,1.4904455885261476,0.9988546157288388,56,82,0.6829268292682927,0.0,0,196,136,666,0.6938775510204082
7,0.2,100,0.1,100000,1000,0.1,0.24177949709864605,891,0.891,49.28965408683652,1.5511808588148388,0.9999603244117721,47,88,0.5340909090909091,0.0,0,205,119,630,0.5804878048780487
8,0.2,100,0.1,100000,1000,0.1,0.21645021645021645,889,0.889,46.83730350906209,1.524621759509925,0.9999649145033722,55,84,0.6547619047619048,0.0,0,202,166,662,0.8217821782178217
9,0.2,100,0.1,100000,1000,0.1,0.24437927663734116,889,0.889,49.94602086252718,1.6286939213463258,0.9990009364482265,44,93,0.4731182795698925,0.0,0,218,129,637,0.591743119266055
10,0.2,100,0.1,100000,1000,0.1,0.2540650406504065,892,0.892,50.25738751666266,1.6047266828144748,0.9999935497198701,48,82,0.5853658536585366,0.0,0,201,121,642,0.6019900497512438
11,0.2,100,0.1,100000,1000,0.1,0.19357336430507163,881,0.881,41.834387768915654,1.5714789769210218,0.999706584905716,63,82,0.7682926829268293,0.0,0,201,120,644,0.5970149253731343
12,0.2,100,0.1,100000,1000,0.1,0.24224806201550386,906,0.906,46.03988488256677,1.580232336096623,0.9991472438664167,48,86,0.5581395348837209,0.0,0,211,147,663,0.6966824644549763
13,0.2,100,0.1,100000,1000,0.1,0.2168726957276079,894,0.894,47.948858172014894,1.4952386129407467,0.999265596859008,53,87,0.6091954022988506,0.0,0,224,111,618,0.4955357142857143
14,0.2,100,0.1,100000,1000,0.1,0.273000273000273,920,0.92,50.63860187643415,1.6035789538206433,0.9996225713597606,37,99,0.37373737373737376,0.0,0,206,120,645,0.5825242718446602
15,0.2,100,0.1,100000,1000,0.1,0.19230769230769232,876,0.876,56.79269319199434,1.5140984459153264,0.9999962953530338,52,100,0.52,0.08,1,191,122,622,0.6387434554973822
16,0.2,100,0.1,100000,1000,0.1,0.19607843137254902,901,0.901,42.8936825185248,1.557738608709968,0.9997904907558027,68,75,0.9066666666666666,0.0,0,214,113,646,0.5280373831775701
17,0.2,100,0.1,100000,1000,0.1,0.2144082332761578,878,0.878,50.34057011993408,1.5140984459153264,0.9999154459525542,53,88,0.6022727272727273,0.0,0,202,127,638,0.6287128712871287
18,0.2,100,0.1,100000,1000,0.1,0.2000800320128051,880,0.88,51.968856058220105,1.5437314206251698,0.9999857707951513,51,98,0.5204081632653061,0.0,0,191,120,625,0.6282722513089005
19,0.2,100,0.1,100000,1000,0.1,0.18254837531945967,901,0.901,47.4057907855148,1.388803789331776,0.9999405368857293,66,83,0.7951807228915663,0.0,0,203,129,659,0.6354679802955665
20,0.2,100,0.1,100000,1000,0.1,0.20833333333333334,921,0.921,46.509214140856,1.6437882950482927,0.9993634070153975,60,80,0.75,0.0,0,217,126,641,0.5806451612903226
21,0.2,100,0.1,100000,1000,0.1,0.2604166666666667,891,0.891,43.03425379857306,1.7010492217856727,0.9996625726053674,48,80,0.6,0.0,0,200,115,625,0.575
22,0.2,100,0.1,100000,1000,0.1,0.20807324178110695,904,0.904,49.075390981631514,1.5094295136256584,0.9985148130590423,54,89,0.6067415730337079,0.0,0,234,130,647,0.5555555555555556
23,0.2,100,0.1,100000,1000,0.1,0.24009603841536614,881,0.881,46.753588097599525,1.5342398689413834,0.9999286791193137,49,85,0.5764705882352941,0.0,0,197,121,643,0.6142131979695431
24,0.2,100,0.1,100000,1000,0.1,0.21645021645021645,889,0.889,43.11329261376357,1.5294468445267844,0.9994897012416359,55,84,0.6547619047619048,0.0,0,215,140,650,0.6511627906976745
0,0.1,100,0.1,100000,1000,0.1,0.26504108136761195,878,0.878,39.74302454519535,1.6557930753329515,0.9999991603930676,49,77,0.6363636363636364,0.0,0,203,177,679,0.8719211822660099
1,0.1,100,0.1,100000,1000,0.1,0.2853881278538813,855,0.855,42.79045454304032,1.6987961824097175,0.9997908002804208,48,73,0.6575342465753424,0.0,0,195,186,685,0.9538461538461539
2,0.1,100,0.1,100000,1000,0.1,0.2405002405002405,882,0.882,42.84597997478877,1.6008169305848254,0.9999836523240452,54,77,0.7012987012987013,0.0,0,186,200,683,1.075268817204301
3,0.1,100,0.1,100000,1000,0.1,0.2976190476190476,849,0.849,39.448992382569166,1.6987961824097175,0.9999972356979486,48,70,0.6857142857142857,0.0,0,190,182,659,0.9578947368421052
4,0.1,100,0.1,100000,1000,0.1,0.2540650406504065,858,0.858,43.95215580605802,1.4674524858890572,0.998721470979947,48,82,0.5853658536585366,0.0,0,176,180,672,1.0227272727272727
5,0.1,100,0.1,100000,1000,0.1,0.2658160552897395,872,0.872,34.843464236496345,1.623963756721793,0.9999983858181494,57,66,0.8636363636363636,0.0,0,190,190,690,1.0
6,0.1,100,0.1,100000,1000,0.1,0.2607561929595828,870,0.87,34.603121246500294,1.5849625007211565,0.9993433403265076,59,65,0.9076923076923077,0.0,0,184,191,687,1.0380434782608696
7,0.1,100,0.1,100000,1000,0.1,0.23719165085388993,875,0.875,37.159520987224795,1.623963756721793,0.9996562897061495,62,68,0.9117647058823529,0.0,0,186,169,672,0.9086021505376344
8,0.1,100,0.1,100000,1000,0.1,0.32051282051282054,887,0.887,44.85832141308901,1.623963756721793,0.9999983858181494,39,80,0.4875,0.0,0,187,167,659,0.893048128342246
9,0.1,100,0.1,100000,1000,0.1,0.3401360544217687,854,0.854,41.502831228724624,1.6239637567217926,0.9999038851141591,42,70,0.6,0.0,0,195,186,675,0.9538461538461539
10,0.1,100,0.1,100000,1000,0.1,0.2612330198537095,873,0.873,38.738688671662594,1.5687517618749671,0.9999822035113589,58,66,0.8787878787878788,0.0,0,199,190,708,0.9547738693467337
11,0.1,100,0.1,100000,1000,0.1,0.30303030303030304,862,0.862,36.84143048254234,1.68282473615834,0.9997786585473967,50,66,0.7575757575757576,0.0,0,198,187,670,0.9444444444444444
12,0.1,100,0.1,100000,1000,0.1,0.26504108136761195,862,0.862,44.26023045579406,1.5902861228209106,0.9999061232148869,49,77,0.6363636363636364,0.0,0,201,160,655,0.7960199004975125
13,0.1,100,0.1,100000,1000,0.1,0.2840909090909091,869,0.869,36.79224102986933,1.693511561554624,0.9999998448683689,55,64,0.859375,0.0,0,192,193,679,1.0052083333333333
14,0.1,100,0.1,100000,1000,0.1,0.33967391304347827,842,0.842,34.95032188692974,1.7018610930255047,0.9999290944959166,46,64,0.71875,0.0,0,192,195,705,1.015625
15,0.1,100,0.1,100000,1000,0.1,0.25329280648429586,849,0.849,48.63548087559123,1.7144216494019369,0.9998873761799474,47,84,0.5595238095238095,0.0,0,201,138,646,0.6865671641791045
16,0.1,100,0.1,100000,1000,0.1,0.29779630732578916,832,0.832,40.1239454690089,1.5521683299073676,0.9996919917210565,46,73,0.6301369863013698,0.0,0,182,165,652,0.9065934065934066
17,0.1,100,0.1,100000,1000,0.1,0.27434842249657065,846,0.846,43.32101106853348,1.5687517618749671,0.9998349206501186,45,81,0.5555555555555556,0.0,0,189,184,652,0.9735449735449735
18,0.1,100,0.1,100000,1000,0.1,0.32299741602067183,858,0.858,48.613835479213115,1.5167115007687249,0.9997623749612294,36,86,0.4186046511627907,0.0,0,194,174,691,0.8969072164948454
19,0.1,100,0.1,100000,1000,0.1,0.2695417789757412,864,0.864,41.00479240283994,1.5849625007211565,0.9993433403265076,53,70,0.7571428571428571,0.0,0,191,204,688,1.068062827225131
20,0.1,100,0.1,100000,1000,0.1,0.2801120448179272,862,0.862,41.15254548627581,1.5490160414802634,0.9997731084689632,51,70,0.7285714285714285,0.0,0,189,158,662,0.8359788359788359
21,0.1,100,0.1,100000,1000,0.1,0.31675641431738993,852,0.852,46.83774119233335,1.751250170264592,0.9998289826232787,41,77,0.5324675324675324,0.0,0,188,163,635,0.8670212765957447
22,0.1,100,0.1,100000,1000,0.1,0.26343519494204426,867,0.867,41.117623958589824,1.5209100878473132,0.999023202174211,52,73,0.7123287671232876,0.0,0,181,204,692,1.12707182320442
23,0.1,100,0.1,100000,1000,0.1,0.3129890453834116,873,0.873,41.38548054571796,1.671196098723539,0.9998368966360985,45,71,0.6338028169014085,0.0,0,207,150,654,0.7246376811594203
24,0.1,100,0.1,100000,1000,0.1,0.31525851197982346,854,0.854,36.13660194318221,1.6664916416981788,0.9999947205947626,52,61,0.8524590163934426,0.0,0,191,179,683,0.93717277486911
0,0.05,100,0.1,100000,1000,0.1,0.303951367781155,841,0.841,38.10129919044756,1.584962500721156,0.9996714433008147,47,70,0.6714285714285714,0.0,0,165,246,722,1.490909090909091
1,0.05,100,0.1,100000,1000,0.1,0.3494060097833683,829,0.829,33.52934535597139,1.584962500721156,0.9996714433008147,53,54,0.9814814814814815,0.0,0,171,230,723,1.345029239766082
2,0.05,100,0.1,100000,1000,0.1,0.30432136335970783,831,0.831,36.51807771501671,1.660964047443681,0.9999997581159489,53,62,0.8548387096774194,0.0,0,159,228,695,1.4339622641509433
3,0.05,100,0.1,100000,1000,0.1,0.32393909944930355,830,0.83,35.183476235301136,1.6326722832604976,0.999045277146713,49,63,0.7777777777777778,0.0,0,172,194,685,1.127906976744186
4,0.05,100,0.1,100000,1000,0.1,0.3527336860670194,848,0.848,36.05108874916262,1.6728874184208653,0.9998605388211765,45,63,0.7142857142857143,0.0,0,170,211,701,1.2411764705882353
5,0.05,100,0.1,100000,1000,0.1,0.3225806451612903,829,0.829,36.65314447629289,1.615148809710897,0.9999417889048088,50,62,0.8064516129032258,0.0,0,179,218,691,1.217877094972067
6,0.05,100,0.1,100000,1000,0.1,0.2875215641173088,843,0.843,37.35259027162641,1.7075187496394215,0.9999971354024868,47,74,0.6351351351351351,0.0,0,158,179,676,1.1329113924050633
7,0.05,100,0.1,100000,1000,0.1,0.319693094629156,855,0.855,37.4274898971331,1.5963225389711977,0.9990863084342579,46,68,0.6764705882352942,0.0,0,158,200,685,1.2658227848101267
8,0.05,100,0.1,100000,1000,0.1,0.28735632183908044,839,0.839,38.123195039240876,1.6326722832604976,0.9999921795332991,58,60,0.9666666666666667,0.0,0,175,221,699,1.262857142857143
9,0.05,100,0.1,100000,1000,0.1,0.3306878306878307,854,0.854,41.331646470954915,1.5741959199463356,0.998300652089491,42,72,0.5833333333333334,0.0,0,197,164,672,0.8324873096446701
10,0.05,100,0.1,100000,1000,0.1,0.3831417624521073,843,0.843,33.13261233286624,1.7116057153622721,0.999999929610068,45,58,0.7758620689655172,0.0,0,180,206,696,1.1444444444444444
11,0.05,100,0.1,100000,1000,0.1,0.3546099290780142,837,0.837,34.091333209483025,1.6787760023090417,0.999799818727711,47,60,0.7833333333333333,0.0,0,173,234,693,1.3526011560693643
12,0.05,100,0.1,100000,1000,0.1,0.32051282051282054,813,0.813,34.46444544744627,1.609211759566751,0.9999621562086282,48,65,0.7384615384615385,0.0,0,156,205,679,1.314102564102564
13,0.05,100,0.1,100000,1000,0.1,0.3459010722933241,834,0.834,32.68649568246801,1.584962500721156,0.9986196649326556,49,59,0.8305084745762712,0.0,0,164,210,680,1.2804878048780488
14,0.05,100,0.1,100000,1000,0.1,0.36075036075036077,842,0.842,37.00841796132334,1.6787760023090417,0.999799818727711,44,63,0.6984126984126984,0.0,0,164,198,696,1.2073170731707317
15,0.05,100,0.1,100000,1000,0.1,0.29146021568055963,830,0.83,42.77034019037024,1.5675797916408178,0.9998094866035045,47,73,0.6438356164383562,0.0,0,165,213,673,1.290909090909091
16,0.05,100,0.1,100000,1000,0.1,0.31017369727047145,845,0.845,36.271559106274985,1.5963225389711977,0.9999666332337919,52,62,0.8387096774193549,0.0,0,179,190,680,1.0614525139664805
17,0.05,100,0.1,100000,1000,0.1,0.3604902667627974,852,0.852,41.643042636195545,1.6210373935990736,0.9999174686371555,38,73,0.5205479452054794,0.0,0,166,261,740,1.572289156626506
18,0.05,100,0.1,100000,1000,0.1,0.2972651605231867,839,0.839,35.8779179997948,1.615148809710897,0.9999417889048088,58,58,1.0,0.0,0,158,244,734,1.5443037974683544
19,0.05,100,0.1,100000,1000,0.1,0.30637254901960786,838,0.838,36.02235417070905,1.6549276312933938,0.9997022443376797,48,68,0.7058823529411765,0.0,0,183,208,705,1.1366120218579234
20,0.05,100,0.1,100000,1000,0.1,0.322061191626409,802,0.802,37.07318437900904,1.615148809710897,0.9998875153372,45,69,0.6521739130434783,0.0,0,174,233,688,1.339080459770115
21,0.05,100,0.1,100000,1000,0.1,0.3487966515521451,840,0.84,33.37266845788631,1.7297158093186489,0.999484287222335,47,61,0.7704918032786885,0.0,0,185,214,684,1.1567567567567567
22,0.05,100,0.1,100000,1000,0.1,0.32530904359141183,831,0.831,32.33491920509467,1.5734206941646356,0.9999636926208407,53,58,0.9137931034482759,0.0,0,182,214,683,1.1758241758241759
23,0.05,100,0.1,100000,1000,0.1,0.39401103230890466,854,0.854,33.45774947601826,1.6488402743203425,0.9997499492277679,47,54,0.8703703703703703,0.0,0,188,238,741,1.2659574468085106
24,0.05,100,0.1,100000,1000,0.1,0.3045994517209869,832,0.832,35.577956658582856,1.5616912077526413,0.9995222334311564,49,67,0.7313432835820896,0.0,0,182,196,681,1.0769230769230769
