seed,ita,N,steps,stop_threshold,debug,omega,parallel,occupied_pixels,occupancy,bbox_density,perimeter,perimeter_per_occupied,R_g,D_est,D_r,max_width,height,aspect_ratio,top_row_fraction,touches_top,endpoints,branchpoints,skeleton_length,branching_ratio
0,0.0,100,10000,0.1,False,1.7,False,1000,0.1,0.6410256410256411,224,0.224,17.979432694053504,1.8002796778860874,0.9998326411837715,52,30,1.7333333333333334,0.0,0,74,23,204,0.3108108108108108
1,0.0,100,10000,0.1,False,1.7,False,1000,0.1,0.6184291898577613,246,0.246,18.1795214458467,1.6699250014423126,0.9995688499414951,49,33,1.4848484848484849,0.0,0,78,27,227,0.34615384615384615
2,0.0,100,10000,0.1,False,1.7,False,1000,0.1,0.6896551724137931,182,0.182,17.810334078843102,1.8271552737059455,0.999980428194346,50,29,1.7241379310344827,0.0,0,61,16,163,0.26229508196721313
3,0.0,100,10000,0.1,False,1.7,False,1000,0.1,0.6493506493506493,232,0.232,17.971672153697885,1.7427134135851208,0.9996240798440301,55,28,1.9642857142857142,0.0,0,76,29,218,0.3815789473684211
4,0.0,100,10000,0.1,False,1.7,False,1000,0.1,0.6157635467980296,251,0.251,18.14549530875363,1.832344846595945,0.9999979830705641,58,28,2.0714285714285716,0.0,0,63,54,230,0.8571428571428571
5,0.0,100,10000,0.1,False,1.7,False,1000,0.1,0.6583278472679395,235,0.235,18.248534187709435,1.777294425838819,0.9999141964266912,49,31,1.5806451612903225,0.0,0,58,25,202,0.43103448275862066
6,0.0,100,10000,0.1,False,1.7,False,1000,0.1,0.649772579597141,239,0.239,18.101519273254386,1.7747319097498848,0.9997080695707381,57,27,2.111111111111111,0.0,0,67,31,231,0.4626865671641791
7,0.0,100,10000,0.1,False,1.7,False,1000,0.1,0.6385696040868455,259,0.259,18.770695245515014,1.75548095963869,0.9999055854740716,54,29,1.8620689655172413,0.0,0,70,41,228,0.5857142857142857
8,0.0,100,10000,0.1,False,1.7,False,1000,0.1,0.6289308176100629,250,0.25,17.941321021597044,1.7798478710553631,0.9999672234205071,53,30,1.7666666666666666,0.0,0,80,33,217,0.4125
9,0.0,100,10000,0.1,False,1.7,False,1000,0.1,0.6858710562414266,241,0.241,18.09085404285823,1.7452850652231007,0.9996015531940926,54,27,2.0,0.0,0,73,60,242,0.821917808219178
10,0.0,100,10000,0.1,False,1.7,False,1000,0.1,0.6002400960384153,251,0.251,18.374221071925742,1.6518903740885515,0.9997265221402565,49,34,1.4411764705882353,0.0,0,79,36,242,0.45569620253164556
11,0.0,100,10000,0.1,False,1.7,False,1000,0.1,0.6858710562414266,217,0.217,18.091931903475647,1.772160258111905,0.9998490326011915,54,27,2.0,0.0,0,58,25,216,0.43103448275862066
12,0.0,100,10000,0.1,False,1.7,False,1000,0.1,0.6385696040868455,235,0.235,17.923783082820435,1.8245464190704357,0.9999803675092356,54,29,1.8620689655172413,0.0,0,53,31,201,0.5849056603773585
13,0.0,100,10000,0.1,False,1.7,False,1000,0.1,0.6203473945409429,235,0.235,18.22624481345513,1.8374973507918144,0.9999934414954439,52,31,1.6774193548387097,0.0,0,67,34,210,0.5074626865671642
14,0.0,100,10000,0.1,False,1.7,False,1000,0.1,0.6377551020408163,241,0.241,18.133918495460378,1.8079946981708908,0.9996436001668544,56,28,2.0,0.0,0,64,44,225,0.6875
15,0.0,100,10000,0.1,False,1.7,False,1000,0.1,0.5446623093681917,265,0.265,18.59459598915771,1.5760015467225246,0.9982659466304512,51,36,1.4166666666666667,0.0,0,80,41,240,0.5125
16,0.0,100,10000,0.1,False,1.7,False,1000,0.1,0.7288629737609329,222,0.222,17.92383887452685,1.789862926177505,0.9997768938447614,49,28,1.75,0.0,0,64,30,228,0.46875
17,0.0,100,10000,0.1,False,1.7,False,1000,0.1,0.5827505827505828,242,0.242,18.31570364468698,1.584962500721156,0.9991830992477209,52,33,1.5757575757575757,0.0,0,78,24,216,0.3076923076923077
18,0.0,100,10000,0.1,False,1.7,False,1000,0.1,0.6385696040868455,229,0.229,18.041064270158788,1.8374973507918144,0.9999934414954439,54,29,1.8620689655172413,0.0,0,72,32,208,0.4444444444444444
19,0.0,100,10000,0.1,False,1.7,False,1000,0.1,0.5973715651135006,227,0.227,18.226628870967883,1.7669892860011753,0.9999518853024657,54,31,1.7419354838709677,0.0,0,73,31,223,0.4246575342465753
20,0.0,100,10000,0.1,False,1.7,False,1000,0.1,0.6493506493506493,254,0.254,18.4403362225313,1.7798478710553631,0.9999032667817828,55,28,1.9642857142857142,0.0,0,75,29,240,0.38666666666666666
21,0.0,100,10000,0.1,False,1.7,False,1000,0.1,0.589622641509434,252,0.252,18.210079626404713,1.6875197156734627,0.9999902305555547,53,32,1.65625,0.0,0,72,26,217,0.3611111111111111
22,0.0,100,10000,0.1,False,1.7,False,1000,0.1,0.6127450980392157,248,0.248,18.468865693377058,1.7572865864148788,0.9999777136542689,51,32,1.59375,0.0,0,77,43,239,0.5584415584415584
23,0.0,100,10000,0.1,False,1.7,False,1000,0.1,0.6086427267194157,240,0.24,18.375336731608485,1.8156280764975459,0.9999350294718565,53,31,1.7096774193548387,0.0,0,67,40,213,0.5970149253731343
24,0.0,100,10000,0.1,False,1.7,False,1000,0.1,0.5509641873278237,242,0.242,18.155963207717733,1.6427011094311241,0.999794159812293,55,33,1.6666666666666667,0.0,0,83,18,217,0.21686746987951808
0,0.2,100,10000,0.1,False,1.72,False,1000,0.1,0.5005005005005005,691,0.691,22.29865466793905,1.6064968616670985,0.9991947687051362,54,37,1.4594594594594594,0.0,0,128,214,641,1.671875
1,0.2,100,10000,0.1,False,1.72,False,1000,0.1,0.4728132387706856,719,0.719,24.411513676951703,1.758287762870453,0.9999754915623533,45,47,0.9574468085106383,0.0,0,134,217,638,1.6194029850746268
2,0.2,100,10000,0.1,False,1.72,False,1000,0.1,0.5060728744939271,721,0.721,23.687866092157815,1.6410176838819244,0.9998055861880656,52,38,1.368421052631579,0.0,0,123,229,638,1.8617886178861789
3,0.2,100,10000,0.1,False,1.72,False,1000,0.1,0.47619047619047616,744,0.744,22.490086705035175,1.702996179837918,0.9999643020558584,60,35,1.7142857142857142,0.0,0,139,263,684,1.8920863309352518
4,0.2,100,10000,0.1,False,1.72,False,1000,0.1,0.4784688995215311,734,0.734,22.364190126181633,1.7297158093186489,0.9994714366510314,55,38,1.4473684210526316,0.0,0,149,221,639,1.483221476510067
5,0.2,100,10000,0.1,False,1.72,False,1000,0.1,0.45787545787545786,763,0.763,23.700316453583486,1.8057173560411737,0.9997584764361152,52,42,1.2380952380952381,0.0,0,143,251,664,1.7552447552447552
6,0.2,100,10000,0.1,False,1.72,False,1000,0.1,0.4789272030651341,742,0.742,23.178502971503576,1.6410176838819244,0.9993761078789225,58,36,1.6111111111111112,0.0,0,128,246,674,1.921875
7,0.2,100,10000,0.1,False,1.72,False,1000,0.1,0.5159958720330238,735,0.735,22.7613927517628,1.6135344542729604,0.999098187498673,51,38,1.3421052631578947,0.0,0,156,205,645,1.314102564102564
8,0.2,100,10000,0.1,False,1.72,False,1000,0.1,0.4065040650406504,751,0.751,23.373724564133976,1.7652573583493893,0.9999806640811597,60,41,1.4634146341463414,0.0,0,148,243,682,1.6418918918918919
9,0.2,100,10000,0.1,False,1.72,False,1000,0.1,0.44802867383512546,739,0.739,22.871445078962545,1.778997726560443,0.9995203417592715,62,36,1.7222222222222223,0.0,0,136,211,647,1.5514705882352942
10,0.2,100,10000,0.1,False,1.72,False,1000,0.1,0.4370629370629371,727,0.727,23.669326141654306,1.620504049751897,0.9999964040806304,52,44,1.1818181818181819,0.0,0,122,220,645,1.8032786885245902
11,0.2,100,10000,0.1,False,1.72,False,1000,0.1,0.5241090146750524,709,0.709,22.410800967390703,1.682286216147928,0.9987430378684918,53,36,1.4722222222222223,0.0,0,142,182,595,1.2816901408450705
12,0.2,100,10000,0.1,False,1.72,False,1000,0.1,0.4340277777777778,741,0.741,23.637681781426874,1.6892558116268646,0.999992694663867,64,36,1.7777777777777777,0.0,0,145,229,648,1.5793103448275863
13,0.2,100,10000,0.1,False,1.72,False,1000,0.1,0.46511627906976744,756,0.756,24.135596118596286,1.709769445756892,0.9999427220499626,50,43,1.1627906976744187,0.0,0,144,221,663,1.5347222222222223
14,0.2,100,10000,0.1,False,1.72,False,1000,0.1,0.4789272030651341,751,0.751,22.97705377109955,1.7231281149447817,0.9995369196372212,58,36,1.6111111111111112,0.0,0,162,234,672,1.4444444444444444
15,0.2,100,10000,0.1,False,1.72,False,1000,0.1,0.45351473922902497,716,0.716,25.4558244808531,1.716479703638053,0.9999979728305076,45,49,0.9183673469387755,0.0,0,148,214,642,1.445945945945946
16,0.2,100,10000,0.1,False,1.72,False,1000,0.1,0.4873294346978557,734,0.734,23.639543142793602,1.6609640474436813,0.9999952283362824,57,36,1.5833333333333333,0.0,0,159,230,654,1.4465408805031446
17,0.2,100,10000,0.1,False,1.72,False,1000,0.1,0.41339396444811904,717,0.717,22.890653114317207,1.792481250360578,0.9999266967874824,59,41,1.4390243902439024,0.0,0,139,241,663,1.7338129496402879
18,0.2,100,10000,0.1,False,1.72,False,1000,0.1,0.45787545787545786,744,0.744,22.978359384429517,1.6410176838819244,0.9993761078789225,52,42,1.2380952380952381,0.0,0,145,251,661,1.7310344827586206
19,0.2,100,10000,0.1,False,1.72,False,1000,0.1,0.5,712,0.712,23.65848684933168,1.6342444179629507,0.9987881554976533,50,40,1.25,0.0,0,148,209,645,1.412162162162162
20,0.2,100,10000,0.1,False,1.72,False,1000,0.1,0.4699248120300752,763,0.763,22.390734690938572,1.709769445756892,0.999657730794942,56,38,1.4736842105263157,0.0,0,146,246,685,1.6849315068493151
21,0.2,100,10000,0.1,False,1.72,False,1000,0.1,0.4668534080298786,745,0.745,22.478990190842648,1.6892558116268646,0.999992694663867,51,42,1.2142857142857142,0.0,0,124,237,667,1.9112903225806452
22,0.2,100,10000,0.1,False,1.72,False,1000,0.1,0.49019607843137253,737,0.737,23.367070847669375,1.6961587113893797,0.9997636071831701,51,40,1.275,0.0,0,136,267,682,1.963235294117647
23,0.2,100,10000,0.1,False,1.72,False,1000,0.1,0.45787545787545786,728,0.728,24.516219121226666,1.716479703638053,0.9995331706582794,52,42,1.2380952380952381,0.0,0,128,256,660,2.0
24,0.2,100,10000,0.1,False,1.72,False,1000,0.1,0.46511627906976744,755,0.755,23.512060734865415,1.6961587113893797,0.9999810492150352,50,43,1.1627906976744187,0.0,0,155,230,660,1.4838709677419355
0,0.4,100,10000,0.1,False,1.74,False,1000,0.1,0.43478260869565216,794,0.794,27.154557628508698,1.6549276312933938,0.9997022443376797,50,46,1.0869565217391304,0.0,0,151,222,687,1.4701986754966887
1,0.4,100,10000,0.1,False,1.74,False,1000,0.1,0.38580246913580246,797,0.797,29.58962656067156,1.7176930723353232,0.9990063078868614,48,54,0.8888888888888888,0.0,0,186,168,631,0.9032258064516129
2,0.4,100,10000,0.1,False,1.74,False,1000,0.1,0.36683785766691124,804,0.804,27.7196139944264,1.7176930723353232,0.9998707334551552,58,47,1.2340425531914894,0.0,0,170,160,630,0.9411764705882353
3,0.4,100,10000,0.1,False,1.74,False,1000,0.1,0.3748125937031484,837,0.837,26.91854379419511,1.7176930723353232,0.9997169427148291,58,46,1.2608695652173914,0.0,0,167,177,681,1.0598802395209581
4,0.4,100,10000,0.1,False,1.74,False,1000,0.1,0.3941663381947182,819,0.819,25.6951551853652,1.6787760023090417,0.9999722469277991,59,43,1.372093023255814,0.0,0,179,146,638,0.8156424581005587
5,0.4,100,10000,0.1,False,1.74,False,1000,0.1,0.41017227235438886,819,0.819,28.452521856594718,1.7116057153622721,0.999999929610068,46,53,0.8679245283018868,0.0,0,167,183,657,1.095808383233533
6,0.4,100,10000,0.1,False,1.74,False,1000,0.1,0.40404040404040403,812,0.812,27.22039676419137,1.660964047443681,0.9999997581159489,55,45,1.2222222222222223,0.0,0,164,175,643,1.0670731707317074
7,0.4,100,10000,0.1,False,1.74,False,1000,0.1,0.38580246913580246,808,0.808,26.74440128325927,1.7116057153622721,0.999999929610068,54,48,1.125,0.0,0,174,184,661,1.0574712643678161
8,0.4,100,10000,0.1,False,1.74,False,1000,0.1,0.3850596842510589,801,0.801,28.814232594327407,1.5792146813022419,0.9999437331386645,53,49,1.0816326530612246,0.0,0,172,171,644,0.9941860465116279
9,0.4,100,10000,0.1,False,1.74,False,1000,0.1,0.41050903119868637,824,0.824,27.039822484624416,1.7415414433509708,0.9996085187726217,58,42,1.380952380952381,0.0,0,155,183,643,1.1806451612903226
10,0.4,100,10000,0.1,False,1.74,False,1000,0.1,0.31017369727047145,803,0.803,29.27869532612408,1.69615871138938,0.9999361757837945,62,52,1.1923076923076923,0.0,0,190,162,634,0.8526315789473684
11,0.4,100,10000,0.1,False,1.74,False,1000,0.1,0.42625745950554134,815,0.815,26.64605036398453,1.7054665504730537,0.999927325073599,51,46,1.108695652173913,0.0,0,175,194,685,1.1085714285714285
12,0.4,100,10000,0.1,False,1.74,False,1000,0.1,0.3787878787878788,802,0.802,26.710316359040004,1.7297158093186489,0.9998075870461318,60,44,1.3636363636363635,0.0,0,159,160,651,1.0062893081761006
13,0.4,100,10000,0.1,False,1.74,False,1000,0.1,0.4180602006688963,811,0.811,29.713162066666683,1.7237294884856107,0.9999612259599457,46,52,0.8846153846153846,0.0,0,158,207,671,1.3101265822784811
14,0.4,100,10000,0.1,False,1.74,False,1000,0.1,0.45454545454545453,815,0.815,26.713105397912837,1.7237294884856107,0.9999901729180621,50,44,1.1363636363636365,0.0,0,171,153,629,0.8947368421052632
15,0.4,100,10000,0.1,False,1.74,False,1000,0.1,0.3189792663476874,803,0.803,29.8204627730691,1.6669503682767193,0.999932737496951,57,55,1.0363636363636364,0.0,0,160,168,624,1.05
16,0.4,100,10000,0.1,False,1.74,False,1000,0.1,0.33967391304347827,823,0.823,29.762257978856375,1.7075187496394215,0.9997580465450168,64,46,1.391304347826087,0.0,0,188,167,646,0.8882978723404256
17,0.4,100,10000,0.1,False,1.74,False,1000,0.1,0.3389830508474576,835,0.835,26.995499624937487,1.5616912077526413,0.9982639878697147,59,50,1.18,0.0,0,173,188,673,1.0867052023121386
18,0.4,100,10000,0.1,False,1.74,False,1000,0.1,0.34305317324185247,781,0.781,27.916912436729103,1.660964047443681,0.9996512245609488,55,53,1.0377358490566038,0.0,0,170,174,641,1.0235294117647058
19,0.4,100,10000,0.1,False,1.74,False,1000,0.1,0.4001600640256102,808,0.808,29.429780835065692,1.584962500721156,0.9991164573589503,49,51,0.9607843137254902,0.0,0,175,170,656,0.9714285714285714
20,0.4,100,10000,0.1,False,1.74,False,1000,0.1,0.37037037037037035,803,0.803,26.53640895072278,1.6427011094311241,0.999974639294216,54,50,1.08,0.0,0,171,175,643,1.023391812865497
21,0.4,100,10000,0.1,False,1.74,False,1000,0.1,0.33692722371967654,789,0.789,26.47542256508855,1.660964047443681,0.9996512245609488,56,53,1.0566037735849056,0.0,0,168,195,636,1.1607142857142858
22,0.4,100,10000,0.1,False,1.74,False,1000,0.1,0.37105751391465674,833,0.833,28.916656099902006,1.6441224843155366,0.9988763903091913,55,49,1.1224489795918366,0.0,0,186,146,645,0.7849462365591398
23,0.4,100,10000,0.1,False,1.74,False,1000,0.1,0.4180602006688963,797,0.797,29.23473960889681,1.7116057153622721,0.9999008301957931,46,52,0.8846153846153846,0.0,0,153,194,654,1.2679738562091503
24,0.4,100,10000,0.1,False,1.74,False,1000,0.1,0.3968253968253968,829,0.829,28.233136559723576,1.7297158093186489,0.9999770316194629,56,45,1.2444444444444445,0.0,0,183,147,637,0.8032786885245902
0,0.6000000000000001,100,10000,0.1,False,1.76,False,1000,0.1,0.31387319522912743,823,0.823,33.983451855278034,1.5902861228209106,0.9996687762872168,54,59,0.9152542372881356,0.0,0,207,109,604,0.5265700483091788
1,0.6000000000000001,100,10000,0.1,False,1.76,False,1000,0.1,0.26184865147944486,839,0.839,37.090915329767746,1.5902861228209106,0.9999061232148869,57,67,0.8507462686567164,0.0,0,190,128,634,0.6736842105263158
2,0.6000000000000001,100,10000,0.1,False,1.76,False,1000,0.1,0.3246753246753247,848,0.848,33.544075482862844,1.6347303374966136,0.9998455622675022,55,56,0.9821428571428571,0.0,0,192,143,620,0.7447916666666666
3,0.6000000000000001,100,10000,0.1,False,1.76,False,1000,0.1,0.3518648838845883,860,0.86,32.94891500489811,1.7246537006817948,0.9999398109447732,49,58,0.8448275862068966,0.0,0,180,124,638,0.6888888888888889
4,0.6000000000000001,100,10000,0.1,False,1.76,False,1000,0.1,0.2826455624646693,875,0.875,32.285972186074865,1.6557930753329515,0.9999173122929097,58,61,0.9508196721311475,0.0,0,208,151,660,0.7259615384615384
5,0.6000000000000001,100,10000,0.1,False,1.76,False,1000,0.1,0.32916392363396973,860,0.86,33.9862766421978,1.751250170264592,0.9999889113197891,49,62,0.7903225806451613,0.0,0,183,164,650,0.8961748633879781
6,0.6000000000000001,100,10000,0.1,False,1.76,False,1000,0.1,0.3035822707953855,842,0.842,32.155015160935626,1.6293671342000842,0.9998762381491326,61,54,1.1296296296296295,0.0,0,201,115,611,0.572139303482587
7,0.6000000000000001,100,10000,0.1,False,1.76,False,1000,0.1,0.32051282051282054,814,0.814,34.02957537202015,1.5687517618749671,0.9995301231169974,52,60,0.8666666666666667,0.0,0,187,136,613,0.7272727272727273
8,0.6000000000000001,100,10000,0.1,False,1.76,False,1000,0.1,0.2648305084745763,851,0.851,33.83668127934535,1.6347303374966136,0.9992115477147738,64,59,1.0847457627118644,0.0,0,187,127,617,0.679144385026738
9,0.6000000000000001,100,10000,0.1,False,1.76,False,1000,0.1,0.29735355337496283,842,0.842,31.89769584154943,1.613034039739923,0.99994952675229,59,57,1.0350877192982457,0.0,0,179,156,658,0.8715083798882681
10,0.6000000000000001,100,10000,0.1,False,1.76,False,1000,0.1,0.25195263290501385,848,0.848,34.43634707688956,1.655393768641081,0.9999190537463446,63,63,1.0,0.0,0,189,136,621,0.7195767195767195
11,0.6000000000000001,100,10000,0.1,False,1.76,False,1000,0.1,0.34965034965034963,834,0.834,33.499462682258056,1.6060252385574942,0.999061540564302,52,55,0.9454545454545454,0.0,0,195,132,615,0.676923076923077
12,0.6000000000000001,100,10000,0.1,False,1.76,False,1000,0.1,0.32530904359141183,869,0.869,32.00506209961168,1.6400539595963681,0.9998119910468108,58,53,1.0943396226415094,0.0,0,182,166,670,0.9120879120879121
13,0.6000000000000001,100,10000,0.1,False,1.76,False,1000,0.1,0.26903416733925206,842,0.842,35.88640411074924,1.6774213586800488,0.9998147408528327,59,63,0.9365079365079365,0.0,0,184,172,669,0.9347826086956522
14,0.6000000000000001,100,10000,0.1,False,1.76,False,1000,0.1,0.3035822707953855,860,0.86,31.82266487898209,1.6111962106682236,0.99995581828922,61,54,1.1296296296296295,0.0,0,199,147,643,0.7386934673366834
15,0.6000000000000001,100,10000,0.1,False,1.76,False,1000,0.1,0.24875621890547264,843,0.843,36.62725760959999,1.6239637567217926,0.9999038851141591,60,67,0.8955223880597015,0.0,0,185,136,622,0.7351351351351352
16,0.6000000000000001,100,10000,0.1,False,1.76,False,1000,0.1,0.278473962684489,868,0.868,36.11314165231267,1.6557930753329515,0.9999991603930676,63,57,1.105263157894737,0.0,0,193,136,652,0.7046632124352331
17,0.6000000000000001,100,10000,0.1,False,1.76,False,1000,0.1,0.3026634382566586,859,0.859,31.53184104996091,1.623963756721793,0.9999500568333239,56,59,0.9491525423728814,0.0,0,182,171,647,0.9395604395604396
18,0.6000000000000001,100,10000,0.1,False,1.76,False,1000,0.1,0.2927400468384075,845,0.845,34.433283317162775,1.6008169305848254,0.9999836523240454,56,61,0.9180327868852459,0.0,0,195,124,625,0.6358974358974359
19,0.6000000000000001,100,10000,0.1,False,1.76,False,1000,0.1,0.273224043715847,831,0.831,35.90389950966329,1.7351599673900167,0.9997115998383249,60,61,0.9836065573770492,0.0,0,166,157,638,0.9457831325301205
20,0.6000000000000001,100,10000,0.1,False,1.76,False,1000,0.1,0.25201612903225806,847,0.847,33.01061950342647,1.6774213586800488,0.999494021865656,64,62,1.032258064516129,0.0,0,193,131,627,0.6787564766839378
21,0.6000000000000001,100,10000,0.1,False,1.76,False,1000,0.1,0.26525198938992045,841,0.841,34.37827802552071,1.564641508472483,0.9999931201925393,58,65,0.8923076923076924,0.0,0,196,143,632,0.7295918367346939
22,0.6000000000000001,100,10000,0.1,False,1.76,False,1000,0.1,0.27578599007170435,847,0.847,39.97673073176445,1.6163303783951377,0.9997405128601754,49,74,0.6621621621621622,0.0,0,178,148,641,0.8314606741573034
23,0.6000000000000001,100,10000,0.1,False,1.76,False,1000,0.1,0.3076923076923077,852,0.852,37.51349090660585,1.6060252385574942,0.9999926764421677,50,65,0.7692307692307693,0.0,0,187,146,660,0.7807486631016043
24,0.6000000000000001,100,10000,0.1,False,1.76,False,1000,0.1,0.31525851197982346,866,0.866,35.245893377810695,1.6912348184112067,0.999963664477675,52,61,0.8524590163934426,0.0,0,186,139,648,0.7473118279569892
0,0.8,100,10000,0.1,False,1.78,False,1000,0.1,0.31007751937984496,899,0.899,43.090532602881574,1.6561389624268215,0.9996032603097827,43,75,0.5733333333333334,0.0,0,196,128,646,0.6530612244897959
1,0.8,100,10000,0.1,False,1.78,False,1000,0.1,0.26191723415400736,874,0.874,46.77328297222678,1.638062202637119,0.9999266625407379,46,83,0.5542168674698795,0.0,0,210,117,626,0.5571428571428572
2,0.8,100,10000,0.1,False,1.78,False,1000,0.1,0.23218017181332715,880,0.88,44.57411805072536,1.4952386129407467,0.9998639395599354,59,73,0.8082191780821918,0.0,0,202,91,618,0.4504950495049505
3,0.8,100,10000,0.1,False,1.78,False,1000,0.1,0.2515090543259557,892,0.892,42.187569259202405,1.5437314206251695,0.9998811286369556,56,71,0.7887323943661971,0.0,0,201,119,660,0.5920398009950248
4,0.8,100,10000,0.1,False,1.78,False,1000,0.1,0.2536783358701167,871,0.871,39.51541471375443,1.6705184589175333,0.9999169139497825,54,73,0.7397260273972602,0.0,0,209,117,614,0.5598086124401914
5,0.8,100,10000,0.1,False,1.78,False,1000,0.1,0.21645021645021645,899,0.899,43.18578469820827,1.6799479725431916,0.9995676965452891,60,77,0.7792207792207793,0.0,0,192,128,638,0.6666666666666666
6,0.8,100,10000,0.1,False,1.78,False,1000,0.1,0.2506265664160401,889,0.889,41.996726062873044,1.705906799202279,0.9999939238506463,57,70,0.8142857142857143,0.0,0,215,105,633,0.4883720930232558
7,0.8,100,10000,0.1,False,1.78,False,1000,0.1,0.25157232704402516,881,0.881,43.762186874058294,1.623963756721793,0.999851613413674,53,75,0.7066666666666667,0.0,0,206,99,604,0.48058252427184467
8,0.8,100,10000,0.1,False,1.78,False,1000,0.1,0.20833333333333334,889,0.889,43.05702033350659,1.623963756721793,0.9999749933448989,60,80,0.75,0.0,0,192,150,653,0.78125
9,0.8,100,10000,0.1,False,1.78,False,1000,0.1,0.23191094619666047,888,0.888,43.53600808526202,1.5754709490373697,0.9999755623448703,56,77,0.7272727272727273,0.0,0,200,123,637,0.615
10,0.8,100,10000,0.1,False,1.78,False,1000,0.1,0.26130128037627387,882,0.882,49.928328632150304,1.5706779246227704,0.9993682642920276,43,89,0.48314606741573035,0.0,0,193,113,616,0.5854922279792746
11,0.8,100,10000,0.1,False,1.78,False,1000,0.1,0.2347417840375587,895,0.895,44.547121119102634,1.5294468445267844,0.9997804831266309,60,71,0.8450704225352113,0.0,0,214,125,644,0.5841121495327103
12,0.8,100,10000,0.1,False,1.78,False,1000,0.1,0.2612330198537095,892,0.892,39.57831476958058,1.6333932703474507,0.9999931613790467,58,66,0.8787878787878788,0.0,0,213,117,642,0.5492957746478874
13,0.8,100,10000,0.1,False,1.78,False,1000,0.1,0.23084025854108955,884,0.884,47.23614082458473,1.6473103744458133,0.9999612619381472,57,76,0.75,0.0,0,188,132,635,0.7021276595744681
14,0.8,100,10000,0.1,False,1.78,False,1000,0.1,0.2573340195573855,894,0.894,39.269428312619986,1.524621759509925,0.9999649145033722,58,67,0.8656716417910447,0.0,0,213,154,694,0.7230046948356808
15,0.8,100,10000,0.1,False,1.78,False,1000,0.1,0.1984126984126984,911,0.911,45.23281994304578,1.470948522718216,0.999973819066531,60,84,0.7142857142857143,0.0,0,197,126,636,0.6395939086294417
16,0.8,100,10000,0.1,False,1.78,False,1000,0.1,0.24906600249066002,914,0.914,44.64079972401928,1.584962500721156,0.9999479358526155,55,73,0.7534246575342466,0.0,0,192,138,681,0.71875
17,0.8,100,10000,0.1,False,1.78,False,1000,0.1,0.22686025408348456,893,0.893,39.71978096616345,1.5706779246227704,0.999879147689913,58,76,0.7631578947368421,0.0,0,198,125,635,0.6313131313131313
18,0.8,100,10000,0.1,False,1.78,False,1000,0.1,0.21285653469561516,888,0.888,44.928999543724544,1.565852839605911,0.9996218764590742,58,81,0.7160493827160493,0.0,0,230,109,634,0.47391304347826085
19,0.8,100,10000,0.1,False,1.78,False,1000,0.1,0.21824530772588388,896,0.896,48.113937689613394,1.589954545007467,0.999709511280443,58,79,0.7341772151898734,0.0,0,209,120,653,0.5741626794258373
20,0.8,100,10000,0.1,False,1.78,False,1000,0.1,0.2465483234714004,892,0.892,40.94902929252414,1.638062202637119,0.9999266625407379,52,78,0.6666666666666666,0.0,0,216,110,621,0.5092592592592593
21,0.8,100,10000,0.1,False,1.78,False,1000,0.1,0.22207417277370642,916,0.916,43.4635709531557,1.5714789769210218,0.9993584236457044,57,79,0.7215189873417721,0.0,0,206,119,644,0.5776699029126213
22,0.8,100,10000,0.1,False,1.78,False,1000,0.1,0.25006251562890724,903,0.903,51.58045172349696,1.5484307696262951,0.999993640803748,43,93,0.46236559139784944,0.0,0,196,99,627,0.5051020408163265
23,0.8,100,10000,0.1,False,1.78,False,1000,0.1,0.24390243902439024,895,0.895,46.02049543409979,1.6286939213463258,0.999987713464997,50,82,0.6097560975609756,0.0,0,204,129,664,0.6323529411764706
24,0.8,100,10000,0.1,False,1.78,False,1000,0.1,0.23809523809523808,899,0.899,44.71637284038141,1.6127100570170079,0.9999506651850217,56,75,0.7466666666666667,0.0,0,203,77,598,0.3793103448275862
0,1.0,100,10000,0.1,False,1.8,False,1000,0.1,0.19157088122605365,908,0.908,52.86427905495354,1.508536756679471,0.9997916747314741,60,87,0.6896551724137931,0.0,0,224,89,609,0.39732142857142855
1,1.0,100,10000,0.1,False,1.8,False,1000,0.1,0.19654088050314467,922,0.922,56.89521948283529,1.5807317113470583,0.9999426576566137,53,96,0.5520833333333334,0.0,0,228,95,630,0.4166666666666667
2,1.0,100,10000,0.1,False,1.8,False,1000,0.1,0.23809523809523808,915,0.915,49.2004573149478,1.5760015467225246,0.9999157634648499,50,84,0.5952380952380952,0.0,0,219,91,620,0.4155251141552511
3,1.0,100,10000,0.1,False,1.8,False,1000,0.1,0.1734304543877905,901,0.901,52.00305760241411,1.5479622099992683,0.9999886882971477,62,93,0.6666666666666666,0.0,0,211,99,643,0.46919431279620855
4,1.0,100,10000,0.1,False,1.8,False,1000,0.1,0.15625,913,0.913,50.39288640274538,1.5127675460535686,0.9999997625565631,64,100,0.64,0.03,1,197,121,638,0.6142131979695431
5,1.0,100,10000,0.1,False,1.8,False,1000,0.1,0.19290123456790123,922,0.922,52.25896095407944,1.5807317113470583,0.9999697275656239,54,96,0.5625,0.0,0,235,84,612,0.3574468085106383
6,1.0,100,10000,0.1,False,1.8,False,1000,0.1,0.2337540906965872,914,0.914,54.16905943433022,1.630632656490369,0.9995009782635228,46,93,0.4946236559139785,0.0,0,215,96,619,0.44651162790697674
7,1.0,100,10000,0.1,False,1.8,False,1000,0.1,0.22727272727272727,906,0.906,58.89431211925308,1.5504003203937462,0.9999171849320588,44,100,0.44,0.22,1,218,116,663,0.5321100917431193
8,1.0,100,10000,0.1,False,1.8,False,1000,0.1,0.16447368421052633,906,0.906,55.17836532555128,1.6488402743203423,0.9995242454221697,64,95,0.6736842105263158,0.0,0,202,95,623,0.47029702970297027
9,1.0,100,10000,0.1,False,1.8,False,1000,0.1,0.1725327812284334,918,0.918,49.321567290588,1.453445297804259,0.9997053286108292,69,84,0.8214285714285714,0.0,0,221,111,647,0.502262443438914
10,1.0,100,10000,0.1,False,1.8,False,1000,0.1,0.16666666666666666,921,0.921,61.33750891583387,1.4999999999999998,0.9999842687144529,60,100,0.6,0.57,1,207,91,617,0.4396135265700483
11,1.0,100,10000,0.1,False,1.8,False,1000,0.1,0.20128824476650564,916,0.916,53.69865920113835,1.56355595895167,0.9999381414240381,54,92,0.5869565217391305,0.0,0,233,103,638,0.44206008583690987
12,1.0,100,10000,0.1,False,1.8,False,1000,0.1,0.20639834881320948,905,0.905,49.16703163706347,1.541494682335516,0.9994451033841012,57,85,0.6705882352941176,0.0,0,221,88,641,0.39819004524886875
13,1.0,100,10000,0.1,False,1.8,False,1000,0.1,0.19230769230769232,914,0.914,61.50912940369096,1.508960953998631,0.999946279733428,52,100,0.52,0.31,1,209,85,635,0.40669856459330145
14,1.0,100,10000,0.1,False,1.8,False,1000,0.1,0.2244668911335578,925,0.925,47.159187864084345,1.5044943916136273,0.9999266748809046,55,81,0.6790123456790124,0.0,0,226,89,633,0.3938053097345133
15,1.0,100,10000,0.1,False,1.8,False,1000,0.1,0.15625,924,0.924,64.1649904542968,1.611196210668224,0.99995581828922,64,100,0.64,0.61,1,208,107,661,0.5144230769230769
16,1.0,100,10000,0.1,False,1.8,False,1000,0.1,0.15873015873015872,908,0.908,63.75715646105933,1.5370002907218883,0.9999363398046898,63,100,0.63,0.45,1,228,99,634,0.4342105263157895
17,1.0,100,10000,0.1,False,1.8,False,1000,0.1,0.16983695652173914,921,0.921,48.39996900825454,1.6609640474436804,0.9996512245609486,64,92,0.6956521739130435,0.0,0,231,109,653,0.47186147186147187
18,1.0,100,10000,0.1,False,1.8,False,1000,0.1,0.18867924528301888,913,0.913,62.31347366340606,1.5044943916136273,0.9999969200604906,53,100,0.53,0.33,1,198,120,671,0.6060606060606061
19,1.0,100,10000,0.1,False,1.8,False,1000,0.1,0.19252984212552945,896,0.896,58.407936104608254,1.56355595895167,0.9999687611839274,53,98,0.5408163265306123,0.0,0,209,87,632,0.41626794258373206
20,1.0,100,10000,0.1,False,1.8,False,1000,0.1,0.18181818181818182,919,0.919,52.38574233510489,1.5233466177240207,0.999906514882486,55,100,0.55,0.03,1,222,102,610,0.4594594594594595
21,1.0,100,10000,0.1,False,1.8,False,1000,0.1,0.16627868307283006,915,0.915,53.144143609620805,1.4490601929903935,0.9999469700942841,62,97,0.6391752577319587,0.0,0,223,90,621,0.40358744394618834
22,1.0,100,10000,0.1,False,1.8,False,1000,0.1,0.1,927,0.927,64.87061738568549,1.2924812503605776,0.9991775885695037,100,100,1.0,1.0,1,226,110,681,0.48672566371681414
23,1.0,100,10000,0.1,False,1.8,False,1000,0.1,0.1,921,0.921,65.76300631814212,1.2803574772372392,0.9999694918283101,100,100,1.0,0.74,1,213,98,641,0.460093896713615
24,1.0,100,10000,0.1,False,1.8,False,1000,0.1,0.23391812865497075,905,0.905,56.83601850939244,1.6350445816838723,0.9999696412346094,45,95,0.47368421052631576,0.0,0,220,96,634,0.43636363636363634
0,1.2000000000000002,100,10000,0.1,False,1.82,False,1000,0.1,0.1,924,0.924,66.60282276300308,1.2040423693185385,0.9989172185075422,100,100,1.0,1.0,1,215,86,662,0.4
1,1.2000000000000002,100,10000,0.1,False,1.82,False,1000,0.1,0.1,947,0.947,67.55320125649118,1.2721602581119051,0.9997450256440469,100,100,1.0,1.0,1,211,91,655,0.4312796208530806
2,1.2000000000000002,100,10000,0.1,False,1.82,False,1000,0.1,0.15151515151515152,933,0.933,63.099421550438954,1.5542622283890846,0.9999349807041517,66,100,0.66,0.3,1,213,83,642,0.38967136150234744
3,1.2000000000000002,100,10000,0.1,False,1.82,False,1000,0.1,0.1,922,0.922,68.77271261190735,1.2405633448683075,0.9964448750041852,100,100,1.0,1.0,1,208,80,655,0.38461538461538464
4,1.2000000000000002,100,10000,0.1,False,1.82,False,1000,0.1,0.1,942,0.942,65.07586342108723,1.254506823743929,0.9997851086424888,100,100,1.0,1.0,1,211,71,653,0.33649289099526064
5,1.2000000000000002,100,10000,0.1,False,1.82,False,1000,0.1,0.1,928,0.928,68.60499252969859,1.361233012235545,0.999861072868661,100,100,1.0,0.82,1,222,70,628,0.3153153153153153
6,1.2000000000000002,100,10000,0.1,False,1.82,False,1000,0.1,0.1,934,0.934,66.61474311291758,1.2924812503605776,0.9999134989419076,100,100,1.0,1.0,1,185,101,653,0.5459459459459459
7,1.2000000000000002,100,10000,0.1,False,1.82,False,1000,0.1,0.1,930,0.93,67.53510198407936,1.258924152431309,0.9999662470058995,100,100,1.0,1.0,1,200,97,656,0.485
8,1.2000000000000002,100,10000,0.1,False,1.82,False,1000,0.1,0.1,933,0.933,66.95842740088808,1.2187026561536485,0.9999984722591334,100,100,1.0,1.0,1,200,82,652,0.41
9,1.2000000000000002,100,10000,0.1,False,1.82,False,1000,0.1,0.1,926,0.926,67.18233398744049,1.2075187496394213,0.9974846174761681,100,100,1.0,1.0,1,209,92,644,0.44019138755980863
10,1.2000000000000002,100,10000,0.1,False,1.82,False,1000,0.1,0.1,940,0.94,68.13416176926226,1.2617809780285063,0.9996215018139263,100,100,1.0,1.0,1,209,83,659,0.39712918660287083
11,1.2000000000000002,100,10000,0.1,False,1.82,False,1000,0.1,0.1,918,0.918,66.57460476788428,1.3921356544722812,0.9990954416885615,100,100,1.0,1.0,1,196,86,674,0.4387755102040816
12,1.2000000000000002,100,10000,0.1,False,1.82,False,1000,0.1,0.18518518518518517,930,0.93,60.239430608198816,1.4834165680323999,0.999990246415096,54,100,0.54,0.27,1,215,90,652,0.4186046511627907
13,1.2000000000000002,100,10000,0.1,False,1.82,False,1000,0.1,0.1,949,0.949,69.93263901784344,1.3024310290794303,0.9999626531939444,100,100,1.0,1.0,1,210,94,665,0.44761904761904764
14,1.2000000000000002,100,10000,0.1,False,1.82,False,1000,0.1,0.1,935,0.935,63.87554305052913,1.3502198590705454,0.9993058146859066,100,100,1.0,0.82,1,216,72,649,0.3333333333333333
15,1.2000000000000002,100,10000,0.1,False,1.82,False,1000,0.1,0.1,942,0.942,68.57885971638783,1.3552466914025074,0.9998298896008778,100,100,1.0,1.0,1,215,78,677,0.3627906976744186
16,1.2000000000000002,100,10000,0.1,False,1.82,False,1000,0.1,0.1,943,0.943,69.06449883985259,1.2823923093917626,0.9996353550321492,100,100,1.0,1.0,1,225,84,671,0.37333333333333335
17,1.2000000000000002,100,10000,0.1,False,1.82,False,1000,0.1,0.1,918,0.918,67.73352198136459,1.3502198590705454,0.9993747429603234,100,100,1.0,0.91,1,210,86,653,0.4095238095238095
18,1.2000000000000002,100,10000,0.1,False,1.82,False,1000,0.1,0.1,926,0.926,66.90182359248513,1.312245432453897,0.9992194958858305,100,100,1.0,1.0,1,223,86,671,0.38565022421524664
19,1.2000000000000002,100,10000,0.1,False,1.82,False,1000,0.1,0.1,940,0.94,70.03421306761432,1.3245464190704357,0.9981399993422772,100,100,1.0,1.0,1,215,73,642,0.3395348837209302
20,1.2000000000000002,100,10000,0.1,False,1.82,False,1000,0.1,0.1,934,0.934,61.95358746674804,1.281468097195578,0.9999801427915133,100,100,1.0,1.0,1,202,90,656,0.44554455445544555
21,1.2000000000000002,100,10000,0.1,False,1.82,False,1000,0.1,0.136986301369863,934,0.934,63.92969576026465,1.3044046213377618,0.9998323936524848,73,100,0.73,0.73,1,217,91,661,0.41935483870967744
22,1.2000000000000002,100,10000,0.1,False,1.82,False,1000,0.1,0.1,938,0.938,67.6786672445609,1.3552466914025072,0.9992292965251456,100,100,1.0,1.0,1,203,80,679,0.39408866995073893
23,1.2000000000000002,100,10000,0.1,False,1.82,False,1000,0.1,0.1,954,0.954,67.95087195908526,1.321928094887362,0.9997866359283173,100,100,1.0,1.0,1,213,80,694,0.3755868544600939
24,1.2000000000000002,100,10000,0.1,False,1.82,False,1000,0.1,0.1,925,0.925,70.89052828128733,1.1846169048328592,0.9994327453486623,100,100,1.0,1.0,1,239,86,661,0.3598326359832636
0,1.4000000000000001,100,10000,0.1,False,1.8399999999999999,False,1000,0.1,0.1,947,0.947,69.51975258874272,1.264189486177394,0.9998695545076224,100,100,1.0,1.0,1,228,83,701,0.36403508771929827
1,1.4000000000000001,100,10000,0.1,False,1.8399999999999999,False,917,0.0917,0.0917,870,0.9487459105779716,69.93099106583848,1.2545068237439287,0.9997555231870092,100,100,1.0,1.0,1,202,58,631,0.2871287128712871
2,1.4000000000000001,100,10000,0.1,False,1.8399999999999999,False,1000,0.1,0.1,945,0.945,70.59941926106758,1.1912348184112063,0.9997686121021986,100,100,1.0,1.0,1,210,90,703,0.42857142857142855
3,1.4000000000000001,100,10000,0.1,False,1.8399999999999999,False,980,0.098,0.098,940,0.9591836734693877,69.25250308597856,1.2924812503605778,0.9999622093552585,100,100,1.0,1.0,1,226,71,687,0.3141592920353982
4,1.4000000000000001,100,10000,0.1,False,1.8399999999999999,False,945,0.0945,0.0945,901,0.9534391534391534,65.7143248217045,1.2144216494019373,0.9971204223719516,100,100,1.0,1.0,1,193,71,656,0.36787564766839376
5,1.4000000000000001,100,10000,0.1,False,1.8399999999999999,False,980,0.098,0.098,938,0.9571428571428572,69.41807680824284,1.2924812503605778,0.9999134989419075,100,100,1.0,1.0,1,232,67,676,0.28879310344827586
6,1.4000000000000001,100,10000,0.1,False,1.8399999999999999,False,906,0.0906,0.0906,864,0.9536423841059603,69.78666640517385,1.345157750433692,0.9990374205676842,100,100,1.0,1.0,1,179,82,647,0.4581005586592179
7,1.4000000000000001,100,10000,0.1,False,1.8399999999999999,False,962,0.0962,0.0962,922,0.9584199584199584,69.10419533494195,1.1711960987235388,0.9999441058495739,100,100,1.0,1.0,1,216,77,667,0.35648148148148145
8,1.4000000000000001,100,10000,0.1,False,1.8399999999999999,False,995,0.0995,0.0995,943,0.9477386934673366,69.62549495507155,1.2202862956929905,0.9999685887735077,100,100,1.0,1.0,1,208,82,687,0.3942307692307692
9,1.4000000000000001,100,10000,0.1,False,1.8399999999999999,False,964,0.0964,0.0964,930,0.9647302904564315,67.44233744220354,1.2347426416506098,0.9999604801913582,100,100,1.0,1.0,1,203,84,675,0.41379310344827586
10,1.4000000000000001,100,10000,0.1,False,1.8399999999999999,False,923,0.0923,0.0923,881,0.9544962080173348,67.69921847418306,1.2446924203694623,0.9996762946985353,100,100,1.0,1.0,1,188,74,660,0.39361702127659576
11,1.4000000000000001,100,10000,0.1,False,1.8399999999999999,False,1000,0.1,0.1,949,0.949,69.04472463555778,1.312245432453897,0.9999909259267368,100,100,1.0,1.0,1,208,79,689,0.3798076923076923
12,1.4000000000000001,100,10000,0.1,False,1.8399999999999999,False,1000,0.1,0.1,949,0.949,67.54118743403909,1.3245464190704357,0.9999196167707053,100,100,1.0,1.0,1,227,90,682,0.3964757709251101
13,1.4000000000000001,100,10000,0.1,False,1.8399999999999999,False,884,0.0884,0.0884,850,0.9615384615384616,72.31331089174867,1.2617809780285063,0.9996215018139263,100,100,1.0,1.0,1,170,61,615,0.3588235294117647
14,1.4000000000000001,100,10000,0.1,False,1.8399999999999999,False,1000,0.1,0.1,947,0.947,68.2999926793554,1.3245464190704357,0.9999196167707053,100,100,1.0,1.0,1,213,82,677,0.38497652582159625
15,1.4000000000000001,100,10000,0.1,False,1.8399999999999999,False,866,0.0866,0.0866,828,0.9561200923787528,69.87455767748055,1.2405633448683075,0.9994600668085764,100,100,1.0,1.0,1,180,57,590,0.31666666666666665
16,1.4000000000000001,100,10000,0.1,False,1.8399999999999999,False,940,0.094,0.094,904,0.9617021276595744,71.00599315430908,1.254506823743929,0.9977010662344243,100,100,1.0,1.0,1,200,80,680,0.4
17,1.4000000000000001,100,10000,0.1,False,1.8399999999999999,False,998,0.0998,0.0998,942,0.9438877755511023,69.34094268659268,1.2446924203694623,0.9996762946985353,100,100,1.0,1.0,1,230,70,674,0.30434782608695654
18,1.4000000000000001,100,10000,0.1,False,1.8399999999999999,False,965,0.0965,0.0965,927,0.960621761658031,68.47046941088654,1.2482129130597495,0.9999866445678349,100,100,1.0,1.0,1,230,79,688,0.34347826086956523
19,1.4000000000000001,100,10000,0.1,False,1.8399999999999999,False,861,0.0861,0.0861,824,0.9570267131242741,71.57391832205448,1.2144216494019373,0.9998251953793047,100,100,1.0,1.0,1,188,72,626,0.3829787234042553
20,1.4000000000000001,100,10000,0.1,False,1.8399999999999999,False,959,0.0959,0.0959,912,0.9509906152241918,68.00946079067663,1.3409120199868725,0.9975884574835445,100,100,1.0,1.0,1,189,75,653,0.3968253968253968
21,1.4000000000000001,100,10000,0.1,False,1.8399999999999999,False,992,0.0992,0.0992,945,0.9526209677419355,66.00733860715792,1.2831734112769044,0.9996262595873502,100,100,1.0,1.0,1,229,72,704,0.314410480349345
22,1.4000000000000001,100,10000,0.1,False,1.8399999999999999,False,883,0.0883,0.0883,832,0.942242355605889,68.94657113717969,1.2823923093917626,0.9996353550321492,100,100,1.0,1.0,1,191,56,604,0.2931937172774869
23,1.4000000000000001,100,10000,0.1,False,1.8399999999999999,False,864,0.0864,0.0864,833,0.9641203703703703,71.34642597916171,1.1828247361583397,0.9999335109340398,100,100,1.0,1.0,1,201,69,622,0.34328358208955223
24,1.4000000000000001,100,10000,0.1,False,1.8399999999999999,False,954,0.0954,0.0954,909,0.9528301886792453,68.41087792178486,1.2831734112769044,0.9999124184945574,100,100,1.0,1.0,1,192,70,666,0.3645833333333333
0,1.6,100,10000,0.1,False,1.8599999999999999,False,784,0.0784,0.0784,766,0.9770408163265306,69.08026424503069,1.1384201026794118,0.9994053424292179,100,100,1.0,1.0,1,168,64,589,0.38095238095238093
1,1.6,100,10000,0.1,False,1.8599999999999999,False,786,0.0786,0.0786,761,0.9681933842239185,70.0620862432256,1.3720805477852045,0.9996720490686022,100,100,1.0,1.0,1,143,56,597,0.3916083916083916
2,1.6,100,10000,0.1,False,1.8599999999999999,False,896,0.0896,0.0896,859,0.9587053571428571,69.93336273349284,1.2617809780285063,0.9998376265024531,100,100,1.0,1.0,1,199,77,641,0.3869346733668342
3,1.6,100,10000,0.1,False,1.8599999999999999,False,831,0.0831,0.0831,791,0.9518652226233454,70.71456667357532,1.2297158093186482,0.999994089020241,100,100,1.0,1.0,1,164,58,570,0.35365853658536583
4,1.6,100,10000,0.1,False,1.8599999999999999,False,834,0.0834,0.0834,799,0.9580335731414868,65.6545168859689,1.2512501702645915,0.999949559709172,100,100,1.0,1.0,1,169,46,579,0.27218934911242604
5,1.6,100,10000,0.1,False,1.8599999999999999,False,825,0.0825,0.0825,799,0.9684848484848485,70.04414192622976,1.1719772006086802,0.999189468475964,100,100,1.0,1.0,1,168,56,591,0.3333333333333333
6,1.6,100,10000,0.1,False,1.8599999999999999,False,810,0.081,0.081,782,0.9654320987654321,70.66305895752438,1.1075064454854249,0.9995606660012432,100,100,1.0,1.0,1,171,52,574,0.30409356725146197
7,1.6,100,10000,0.1,False,1.8599999999999999,False,781,0.0781,0.0781,755,0.9667093469910372,71.30141068150654,1.229715809318648,0.9978615214994375,100,100,1.0,1.0,1,169,62,570,0.3668639053254438
8,1.6,100,10000,0.1,False,1.8599999999999999,False,835,0.0835,0.0835,805,0.9640718562874252,69.21187638213061,1.2144216494019373,0.999992820307621,100,100,1.0,1.0,1,169,62,600,0.3668639053254438
9,1.6,100,10000,0.1,False,1.8599999999999999,False,850,0.085,0.085,810,0.9529411764705882,68.71728098435177,1.1719772006086802,0.999974713827172,100,100,1.0,1.0,1,171,52,555,0.30409356725146197
10,1.6,100,10000,0.1,False,1.8599999999999999,False,793,0.0793,0.0793,773,0.9747793190416141,71.16409114751947,1.1828247361583397,0.9980424836038663,100,100,1.0,1.0,1,160,46,558,0.2875
11,1.6,100,10000,0.1,False,1.8599999999999999,False,848,0.0848,0.0848,806,0.9504716981132075,68.58966724536712,1.2347426416506098,0.9995410311446316,100,100,1.0,1.0,1,183,56,588,0.30601092896174864
12,1.6,100,10000,0.1,False,1.8599999999999999,False,833,0.0833,0.0833,802,0.9627851140456183,68.34450371811468,1.1828247361583397,0.9999238567636471,100,100,1.0,1.0,1,176,53,594,0.30113636363636365
13,1.6,100,10000,0.1,False,1.8599999999999999,False,695,0.0695,0.0695,660,0.9496402877697842,74.53975811315962,1.2116057153622717,0.9992027135715476,100,100,1.0,1.0,1,139,50,482,0.3597122302158273
14,1.6,100,10000,0.1,False,1.8599999999999999,False,820,0.082,0.082,798,0.973170731707317,67.97801832658669,1.2297158093186482,0.999994089020241,100,100,1.0,1.0,1,204,59,587,0.28921568627450983
15,1.6,100,10000,0.1,False,1.8599999999999999,False,732,0.0732,0.0732,704,0.9617486338797814,72.24526569471902,1.1488402743203425,0.9962381071753992,100,100,1.0,1.0,1,153,54,521,0.35294117647058826
16,1.6,100,10000,0.1,False,1.8599999999999999,False,760,0.076,0.076,733,0.9644736842105263,72.83226945306737,1.258924152431309,0.9962828847028374,100,100,1.0,1.0,1,167,40,524,0.23952095808383234
17,1.6,100,10000,0.1,False,1.8599999999999999,False,817,0.0817,0.0817,778,0.9522643818849449,67.60077929341578,1.2040423693185385,0.9989527455523457,100,100,1.0,1.0,1,175,77,590,0.44
18,1.6,100,10000,0.1,False,1.8599999999999999,False,836,0.0836,0.0836,810,0.9688995215311005,69.33204034342144,1.1505847673602825,0.9997773557920873,100,100,1.0,1.0,1,166,61,598,0.3674698795180723
19,1.6,100,10000,0.1,False,1.8599999999999999,False,744,0.0744,0.0744,716,0.9623655913978495,71.58930245369382,1.1961587113893797,0.9999198435748975,100,100,1.0,1.0,1,148,59,545,0.39864864864864863
20,1.6,100,10000,0.1,False,1.8599999999999999,False,838,0.0838,0.0838,811,0.9677804295942721,67.88448351888154,1.2512501702645915,0.999949559709172,100,100,1.0,1.0,1,178,64,604,0.3595505617977528
21,1.6,100,10000,0.1,False,1.8599999999999999,False,861,0.0861,0.0861,836,0.9709639953542393,69.60461590417987,1.1935115615546237,0.9999804113114887,100,100,1.0,1.0,1,188,64,599,0.3404255319148936
22,1.6,100,10000,0.1,False,1.8599999999999999,False,809,0.0809,0.0809,786,0.9715698393077874,71.37559734368679,1.281468097195578,0.9999801427915133,100,100,1.0,1.0,1,172,61,595,0.3546511627906977
23,1.6,100,10000,0.1,False,1.8599999999999999,False,767,0.0767,0.0767,742,0.9674054758800521,73.52483194572208,1.1961587113893797,0.9965288413730524,100,100,1.0,1.0,1,151,57,560,0.37748344370860926
24,1.6,100,10000,0.1,False,1.8599999999999999,False,785,0.0785,0.0785,759,0.9668789808917198,69.47337848752814,1.2405633448683075,0.9998859477688508,100,100,1.0,1.0,1,163,62,571,0.3803680981595092
0,1.8,100,10000,0.1,False,1.88,False,702,0.0702,0.0702,672,0.9572649572649573,69.63533422106748,1.2356528594627942,0.9997136554543689,100,100,1.0,1.0,1,156,43,497,0.27564102564102566
1,1.8,100,10000,0.1,False,1.88,False,731,0.0731,0.0731,713,0.9753761969904241,72.93443826164513,1.258924152431309,0.9999662470058995,100,100,1.0,1.0,1,144,49,554,0.3402777777777778
2,1.8,100,10000,0.1,False,1.88,False,690,0.069,0.069,663,0.9608695652173913,72.21624129824521,1.2356528594627942,0.999996869514924,100,100,1.0,1.0,1,132,44,506,0.3333333333333333
3,1.8,100,10000,0.1,False,1.88,False,689,0.0689,0.0689,664,0.9637155297532656,72.26826736088238,1.2803574772372392,0.9999694918283101,100,100,1.0,1.0,1,143,43,498,0.3006993006993007
4,1.8,100,10000,0.1,False,1.88,False,767,0.0767,0.0767,743,0.9687092568448501,72.5827855361928,1.0734206941646354,0.9999248507553354,100,100,1.0,1.0,1,165,56,551,0.3393939393939394
5,1.8,100,10000,0.1,False,1.88,False,697,0.0697,0.0697,678,0.9727403156384505,73.13420968013547,1.2924812503605776,0.9980369220261027,100,100,1.0,1.0,1,160,43,488,0.26875
6,1.8,100,10000,0.1,False,1.88,False,711,0.0711,0.0711,688,0.9676511954992968,72.56068801941527,1.2589241524313093,0.9998596867417775,100,100,1.0,1.0,1,137,52,523,0.3795620437956204
7,1.8,100,10000,0.1,False,1.88,False,654,0.0654,0.0654,627,0.9587155963302753,73.25017873708767,1.160964047443681,0.9977708003396308,100,100,1.0,1.0,1,138,54,475,0.391304347826087
8,1.8,100,10000,0.1,False,1.88,False,694,0.0694,0.0694,665,0.9582132564841499,70.41740517094226,1.1846169048328594,0.9999743650587911,100,100,1.0,1.0,1,140,42,496,0.3
9,1.8,100,10000,0.1,False,1.88,False,734,0.0734,0.0734,712,0.9700272479564033,70.69739212591928,1.2803574772372392,0.9976407861491112,100,100,1.0,1.0,1,150,42,530,0.28
10,1.8,100,10000,0.1,False,1.88,False,680,0.068,0.068,662,0.9735294117647059,71.69599832954827,1.1032254387337128,0.9995962522572474,100,100,1.0,1.0,1,142,42,469,0.29577464788732394
11,1.8,100,10000,0.1,False,1.88,False,735,0.0735,0.0735,713,0.9700680272108844,70.22260038934886,1.1992746882451368,0.9999744462568995,100,100,1.0,1.0,1,150,41,526,0.2733333333333333
12,1.8,100,10000,0.1,False,1.88,False,725,0.0725,0.0725,701,0.9668965517241379,72.93173946019425,1.1609640474436806,0.9995337214791331,100,100,1.0,1.0,1,135,45,524,0.3333333333333333
13,1.8,100,10000,0.1,False,1.88,False,596,0.0596,0.0596,578,0.9697986577181208,74.92255509354287,1.1342444179629507,0.9999901640143068,100,100,1.0,1.0,1,105,41,449,0.3904761904761905
14,1.8,100,10000,0.1,False,1.88,False,763,0.0763,0.0763,738,0.9672346002621232,71.01403697101054,1.2702841906813507,0.9999345621261545,100,100,1.0,1.0,1,141,63,568,0.44680851063829785
15,1.8,100,10000,0.1,False,1.88,False,623,0.0623,0.0623,603,0.9678972712680578,73.59906133814165,1.2237294884856103,0.9999667743176133,100,100,1.0,1.0,1,128,40,466,0.3125
16,1.8,100,10000,0.1,False,1.88,False,632,0.0632,0.0632,610,0.9651898734177216,71.13105216625493,1.053457601958256,0.999999852753615,100,100,1.0,1.0,1,130,47,454,0.36153846153846153
17,1.8,100,10000,0.1,False,1.88,False,697,0.0697,0.0697,675,0.9684361549497847,69.4196272569476,1.1488402743203425,0.9999438656309366,100,100,1.0,1.0,1,140,48,497,0.34285714285714286
18,1.8,100,10000,0.1,False,1.88,False,714,0.0714,0.0714,685,0.9593837535014006,68.93846970336676,1.1609640474436806,0.9995337214791331,100,100,1.0,1.0,1,139,56,508,0.4028776978417266
19,1.8,100,10000,0.1,False,1.88,False,645,0.0645,0.0645,632,0.9798449612403101,73.17219788031284,1.2075187496394213,0.9985071690036953,100,100,1.0,1.0,1,129,34,473,0.26356589147286824
20,1.8,100,10000,0.1,False,1.88,False,734,0.0734,0.0734,716,0.9754768392370572,69.15510939412468,1.0963225389711977,0.9987159238502158,100,100,1.0,1.0,1,158,52,524,0.3291139240506329
21,1.8,100,10000,0.1,False,1.88,False,701,0.0701,0.0701,681,0.9714693295292439,72.247908913463,1.1728874184208649,0.999998936768639,100,100,1.0,1.0,1,150,39,507,0.26
22,1.8,100,10000,0.1,False,1.88,False,712,0.0712,0.0712,692,0.9719101123595506,72.79660366815183,1.1728874184208649,0.9997032157128525,100,100,1.0,1.0,1,159,49,541,0.3081761006289308
23,1.8,100,10000,0.1,False,1.88,False,681,0.0681,0.0681,660,0.9691629955947136,74.52167588166179,1.2427134135851206,0.9999554377031433,100,100,1.0,1.0,1,142,29,480,0.20422535211267606
24,1.8,100,10000,0.1,False,1.88,False,643,0.0643,0.0643,616,0.9580093312597201,71.62597250852237,1.1992746882451368,0.9997982341179332,100,100,1.0,1.0,1,122,44,468,0.36065573770491804
0,2.0,100,10000,0.1,False,1.9,False,586,0.0586,0.0586,572,0.9761092150170648,72.3718474293789,1.084962500721156,0.9999037946803394,100,100,1.0,1.0,1,120,39,441,0.325
1,2.0,100,10000,0.1,False,1.9,False,601,0.0601,0.0601,576,0.9584026622296173,74.55387001430454,1.2164797036380528,0.9987500171728507,100,100,1.0,1.0,1,111,43,450,0.38738738738738737
2,2.0,100,10000,0.1,False,1.9,False,590,0.059,0.059,570,0.9661016949152542,73.42429515251793,1.1205040497518974,0.9994580623127162,100,100,1.0,1.0,1,111,33,423,0.2972972972972973
3,2.0,100,10000,0.1,False,1.9,False,575,0.0575,0.0575,559,0.9721739130434782,74.09499190962204,1.1205040497518974,0.9994580623127162,100,100,1.0,1.0,1,116,48,422,0.41379310344827586
4,2.0,100,10000,0.1,False,1.9,False,687,0.0687,0.0687,659,0.9592430858806404,72.12226801023606,1.049767836775457,0.9985778779709851,100,100,1.0,1.0,1,145,48,481,0.3310344827586207
5,2.0,100,10000,0.1,False,1.9,False,618,0.0618,0.0618,601,0.9724919093851133,72.75473049267305,1.2427134135851208,0.998015730158329,100,100,1.0,1.0,1,116,41,464,0.35344827586206895
6,2.0,100,10000,0.1,False,1.9,False,629,0.0629,0.0629,601,0.9554848966613673,73.94529194152908,1.2680264501201044,0.9971921438219544,100,100,1.0,1.0,1,122,40,451,0.32786885245901637
7,2.0,100,10000,0.1,False,1.9,False,588,0.0588,0.0588,571,0.9710884353741497,73.29675958721774,1.1239637567217924,0.9997214224003124,100,100,1.0,1.0,1,107,49,452,0.45794392523364486
8,2.0,100,10000,0.1,False,1.9,False,606,0.0606,0.0606,584,0.9636963696369637,72.22331978517796,1.084962500721156,0.9999037946803394,100,100,1.0,1.0,1,112,44,451,0.39285714285714285
9,2.0,100,10000,0.1,False,1.9,False,646,0.0646,0.0646,627,0.9705882352941176,71.6725331796212,1.2924812503605776,0.9980369220261027,100,100,1.0,1.0,1,127,40,478,0.31496062992125984
10,2.0,100,10000,0.1,False,1.9,False,580,0.058,0.058,568,0.9793103448275862,72.62519511517502,1.0714789769210211,0.9999770071519233,100,100,1.0,1.0,1,107,38,428,0.35514018691588783
11,2.0,100,10000,0.1,False,1.9,False,624,0.0624,0.0624,611,0.9791666666666666,71.35995788776496,1.0981986064017515,0.9997865767653954,100,100,1.0,1.0,1,119,39,469,0.3277310924369748
12,2.0,100,10000,0.1,False,1.9,False,602,0.0602,0.0602,590,0.9800664451827242,73.73228713469396,1.160964047443681,0.9999319477828796,100,100,1.0,1.0,1,135,41,440,0.3037037037037037
13,2.0,100,10000,0.1,False,1.9,False,518,0.0518,0.0518,503,0.971042471042471,76.31758982943917,1.077639112738955,0.9991360271925162,100,100,1.0,1.0,1,102,30,383,0.29411764705882354
14,2.0,100,10000,0.1,False,1.9,False,657,0.0657,0.0657,635,0.9665144596651446,71.62167006239548,1.1365092472032077,0.9990496151329363,100,100,1.0,1.0,1,129,35,464,0.2713178294573643
15,2.0,100,10000,0.1,False,1.9,False,551,0.0551,0.0551,531,0.9637023593466425,74.48548257437531,1.2297158093186484,0.9990641487509008,100,100,1.0,1.0,1,107,31,402,0.2897196261682243
16,2.0,100,10000,0.1,False,1.9,False,567,0.0567,0.0567,554,0.9770723104056437,74.00941357732788,1.084962500721156,0.9998681888636145,100,100,1.0,1.0,1,108,42,428,0.3888888888888889
17,2.0,100,10000,0.1,False,1.9,False,608,0.0608,0.0608,589,0.96875,70.44911143961703,1.2164797036380528,0.9992982637152537,100,100,1.0,1.0,1,127,37,450,0.29133858267716534
18,2.0,100,10000,0.1,False,1.9,False,632,0.0632,0.0632,617,0.9762658227848101,70.92417728850037,1.1752486235420663,0.9974139274908219,100,100,1.0,1.0,1,113,38,450,0.336283185840708
19,2.0,100,10000,0.1,False,1.9,False,569,0.0569,0.0569,557,0.9789103690685413,74.30564343809077,1.202996179837918,0.9964710356966993,100,100,1.0,1.0,1,121,32,426,0.2644628099173554
20,2.0,100,10000,0.1,False,1.9,False,633,0.0633,0.0633,607,0.9589257503949447,69.35961875659375,1.186729197763722,0.999557069266963,100,100,1.0,1.0,1,132,34,448,0.25757575757575757
21,2.0,100,10000,0.1,False,1.9,False,609,0.0609,0.0609,588,0.9655172413793104,73.15712895707007,1.0127675460535688,0.9999735133636466,100,100,1.0,1.0,1,128,35,434,0.2734375
22,2.0,100,10000,0.1,False,1.9,False,591,0.0591,0.0591,576,0.9746192893401016,71.13750655776107,1.1205040497518974,0.9994580623127162,100,100,1.0,1.0,1,122,40,439,0.32786885245901637
23,2.0,100,10000,0.1,False,1.9,False,563,0.0563,0.0563,543,0.9644760213143873,75.3099692885684,1.1609640474436809,0.9992086773423898,100,100,1.0,1.0,1,99,29,418,0.29292929292929293
24,2.0,100,10000,0.1,False,1.9,False,593,0.0593,0.0593,580,0.9780775716694773,71.78347148953843,1.111196210668224,0.9999975262405846,100,100,1.0,1.0,1,119,35,436,0.29411764705882354
