ita,seed,R_g,D_est,D_r,occupancy,perimeter,endpoints,branchpoints,skeleton_length
0.0,0,3.271085446759225,1.942123130546945,0.9951165624165352,0.5,34,2,8,17
0.0,1,3.334666400106613,1.9361887565539704,0.9940494102630043,0.5,36,4,14,22
0.0,2,3.1298562267299115,1.9160123825695938,0.9944041101293757,0.5,33,0,12,15
0.0,3,2.992858165700473,2.002048786934155,0.9956446320524877,0.5,26,2,0,8
0.0,4,3.1417192745374307,1.8079314124683346,0.9868587562167702,0.5,36,2,12,19
0.0,5,3.363866822571904,1.6764088677719078,0.9905360818242537,0.5,34,2,12,25
0.0,6,3.100774096899031,1.7863733451649135,0.9944046375305463,0.5,28,3,5,12
0.0,7,3.0429590861528193,1.869516835204543,0.9893471393139956,0.5,28,3,3,15
0.0,8,3.2953300289955783,1.9608631675889683,0.9766469748806219,0.5,38,2,10,22
0.0,9,3.1432467291003423,1.8783631447263525,0.997295723299411,0.5,31,4,10,18
0.0,10,3.0210594168271503,2.098296372615652,0.9938089473686762,0.5,28,3,7,12
0.0,11,3.08966017548856,1.9196101222131814,0.9955735248184526,0.5,30,3,1,14
0.0,12,3.145600101729398,1.7772029706799821,0.9700088972860403,0.5,34,2,10,19
0.0,13,3.3533863481561434,1.8958561742013846,0.9870800193420829,0.5,40,4,15,24
0.0,14,3.152776554086889,1.999720600688489,0.9943925260035925,0.5,31,2,5,11
0.0,15,3.26165602110339,1.7896458156509867,0.9945585623544647,0.5,33,1,8,18
0.0,16,3.152522799283139,1.8044787663006332,0.9910304263966419,0.5,33,3,4,10
0.0,17,3.200312484742701,1.852894482259735,0.9956326274608593,0.5,33,3,9,18
0.0,18,3.442150490609032,1.740848701017653,0.9946197176261337,0.5,39,3,11,18
0.0,19,3.2112925746496535,1.7973151975674169,0.9957765553954578,0.5,33,2,6,16
0.5,0,3.1664491153340837,2.001757068723796,0.9752699284271362,0.5,29,1,4,13
0.5,1,3.2746908251008984,1.6452709347826566,0.9769638283514642,0.5,33,3,11,21
0.5,2,3.0266813509188575,2.020057833631043,0.9924236366001168,0.5,28,3,7,18
0.5,3,3.068354607929142,1.8158988517001788,0.9787181820365835,0.5,28,4,7,16
0.5,4,3.1835200643313057,2.1140702712215513,0.970195000270466,0.5,33,4,12,22
0.5,5,3.106122985330748,1.8242464234000155,0.9898929995004704,0.5,29,2,8,16
0.5,6,3.13776990870905,1.7721587209127447,0.9823249611080189,0.5,35,3,15,23
0.5,7,3.1916140117501675,1.9223702155727291,0.9931705783214417,0.5,32,2,5,14
0.5,8,3.3624395905354194,1.9492958382410812,0.9901881062151721,0.5,39,3,8,18
0.5,9,3.1651224304914334,1.8862106276005668,0.9922560304540253,0.5,39,1,12,18
0.5,10,3.0015995735607373,1.8315709671151015,0.9746453795734178,0.5,31,2,16,24
0.5,11,3.1239078091390597,1.9184827006103318,0.9979333309647735,0.5,27,2,0,10
0.5,12,3.208301731446093,2.0909994859153898,0.9797920550086572,0.5,36,1,10,19
0.5,13,3.216208948436031,1.948412048999533,0.9767577484018916,0.5,31,3,10,19
0.5,14,3.1051570008616314,1.8718787569637882,0.9967709030148308,0.5,30,4,5,16
0.5,15,3.1,1.846218068323507,0.9927999171922721,0.5,25,2,0,7
0.5,16,3.111591232793922,1.9414452114035092,0.9947120007987678,0.5,28,5,8,21
0.5,17,3.1873499964704224,1.7606358352530067,0.9831700932187767,0.5,30,2,7,16
0.5,18,3.1312617265249485,1.8850559032328449,0.9963971465580336,0.5,35,4,15,24
0.5,19,3.54400902933387,1.764048455223954,0.9915374199491561,0.5,35,1,12,19
1.0,0,3.140191076988787,1.9780452973321387,0.9948998009719763,0.5,34,2,11,17
1.0,1,3.172696014433151,1.7947691021580645,0.9883222110503851,0.5,35,2,11,19
1.0,2,3.269801217199602,1.7162364237188739,0.9930345164045155,0.5,28,4,8,19
1.0,3,3.3065389760291652,1.819721081588119,0.992649020221819,0.5,36,2,14,22
1.0,4,3.2499230760127227,1.8435208119609043,0.9899972892237611,0.5,30,4,13,19
1.0,5,3.1164081889251927,2.004728555188982,0.993609563205635,0.5,38,2,21,26
1.0,6,3.1087618113969424,1.911721174427055,0.9971601864152981,0.5,30,4,5,16
1.0,7,3.081363334629657,2.069799701443255,0.988186698839341,0.5,29,4,11,15
1.0,8,3.2140317359976396,1.753475168737797,0.9970521326645946,0.5,33,1,14,17
1.0,9,3.0854497241083023,2.2092260260838277,0.9910693143448163,0.5,31,1,12,17
1.0,10,3.048934240025521,1.918311470801625,0.9959495748264748,0.5,28,2,5,14
1.0,11,3.2115416858574326,1.9789259974604252,0.979666714911197,0.5,33,4,13,23
1.0,12,3.294480232145884,1.7445259228816865,0.9926783738792627,0.5,36,3,11,24
1.0,13,3.1293449793846633,2.4022516025128446,0.9943358122325859,0.5,34,1,11,16
1.0,14,3.0349958813810605,1.8753579595139143,0.9905631289356527,0.5,29,2,8,16
1.0,15,3.423682228244905,1.7254669626714323,0.9934733436548764,0.5,35,3,9,18
1.0,16,3.237344590864556,1.7940831419403247,0.9910088641551169,0.5,29,3,1,16
1.0,17,3.119038313326721,1.8534072799003394,0.9933903788263945,0.5,29,3,3,15
1.0,18,3.24037034920393,2.1889219757347718,0.9961762453010343,0.5,33,0,8,13
1.0,19,3.2077406378945295,1.7436082037351885,0.9767413556371201,0.5,33,2,8,18
2.0,0,3.0662680900403996,1.9296972742461362,0.9903764045121285,0.5,30,2,7,16
2.0,1,3.423331710483225,1.672710890468254,0.9872541726620985,0.5,32,3,4,15
2.0,2,3.2592023564056283,1.6928915263910256,0.9948787919803493,0.5,30,3,3,15
2.0,3,3.2053080975157444,1.742236603514502,0.9935628250652065,0.5,30,3,9,20
2.0,4,3.4127408339925256,1.7753061367689347,0.986122658485617,0.5,31,3,4,16
2.0,5,3.3674916480965473,2.0212323625856627,0.977039862472574,0.5,34,4,7,19
2.0,6,3.1549960380323774,1.8455311345859104,0.9903454509730515,0.5,29,4,6,17
2.0,7,3.423273287366932,1.6677585081934603,0.9960304630489222,0.5,33,4,8,19
2.0,8,3.3176497705454087,1.8019147409473302,0.9871323404465453,0.5,30,4,6,19
2.0,9,3.3623801093868018,1.6811349630454837,0.9887909019438484,0.5,31,3,1,18
2.0,10,3.377632306809017,1.7803840532618165,0.9874906573352693,0.5,33,1,1,15
2.0,11,3.3421549934136805,1.7576150826059653,0.9929128189755575,0.5,31,2,0,15
2.0,12,3.317951175047638,1.8220905049144203,0.9921132147151542,0.5,35,2,12,20
2.0,13,3.35761820342933,1.6941109136295112,0.9923402584907248,0.5,32,3,3,18
2.0,14,3.3504626546195078,1.7743223923017843,0.988193102630738,0.5,32,3,3,14
2.0,15,3.378757167953921,1.7476364062964964,0.9766579687064754,0.5,32,2,8,18
2.0,16,3.402704806473815,1.7119100246707148,0.9749485877765889,0.5,32,3,4,15
2.0,17,3.2518917571161556,1.7551385349747568,0.9868243984798839,0.5,30,3,3,15
2.0,18,3.3511788970450382,1.7457824652410718,0.9883658721818411,0.5,33,3,11,23
2.0,19,3.38803778019077,1.668660431529537,0.9882776066820556,0.5,31,3,4,15
3.0,0,3.2946623499229784,1.748459184309208,0.9724448248806226,0.5,31,3,4,18
3.0,1,3.340658617698013,1.6767382727669606,0.9870231795032482,0.5,30,3,4,15
3.0,2,3.3207830401879614,1.7084569925051345,0.9902611011286891,0.5,30,3,4,18
3.0,3,3.389631248380862,1.7126322218201488,0.9870102478169434,0.5,30,3,3,15
3.0,4,3.380709984603826,1.6982770136513918,0.9941949840752718,0.5,32,2,9,20
3.0,5,3.27255252058695,1.7781000399637965,0.985700634278517,0.5,30,3,4,17
3.0,6,3.3231912373500263,1.709911511150349,0.9879819035698667,0.5,30,2,4,16
3.0,7,3.3294443980940724,1.7111062569476125,0.9855677372511382,0.5,31,3,3,14
3.0,8,3.3960565366318622,1.6841782809647834,0.9787334210038845,0.5,31,4,5,16
3.0,9,3.402469691268388,1.6264253019885995,0.994870398886979,0.5,31,3,3,15
3.0,10,3.3837848631377265,1.8580379065719392,0.9773244632501557,0.5,36,2,9,19
3.0,11,3.2781702213277457,1.847342450922769,0.9843796757783952,0.5,29,3,3,16
3.0,12,3.2791462303471617,1.7271178196342671,0.9861876966081444,0.5,32,2,8,19
3.0,13,3.440523216023982,1.7593842623009368,0.9958073658623116,0.5,32,4,9,19
3.0,14,3.391754708112012,1.7298305137677068,0.9852413077090019,0.5,30,4,8,19
3.0,15,3.3246353183469615,1.716173024611486,0.9871252723236041,0.5,30,3,3,14
3.0,16,3.416196715647388,1.676588511392121,0.9881935410275023,0.5,31,3,4,17
3.0,17,3.352610922848042,1.815782719209683,0.9878971164798701,0.5,32,3,9,17
3.0,18,3.4759171451575197,1.8519542281959758,0.9888412368832621,0.5,34,4,12,20
3.0,19,3.3203614261101158,1.7540198937432119,0.9822760614546518,0.5,31,3,9,19
5.0,0,3.3241540277189325,1.6806739312490426,0.98782427831457,0.5,28,3,1,15
5.0,1,3.374551822094306,1.6149767378395603,0.9908389464100624,0.5,30,3,4,17
5.0,2,3.3545789601677285,1.7091492691400287,0.9877104125853194,0.5,29,3,4,16
5.0,3,3.2979993935718057,1.7051789854776214,0.9828997385362512,0.5,27,3,4,16
5.0,4,3.3380832823642974,1.7477286454443632,0.9840817249543602,0.5,28,3,4,17
5.0,5,3.5318550366627446,1.8665992093151673,0.989754513842113,0.5,34,3,4,19
5.0,6,3.2893768406797053,1.702641770538571,0.9839347120029349,0.5,28,3,1,15
5.0,7,3.4119788979417796,1.6566888633509531,0.9954740167132421,0.5,32,3,3,16
5.0,8,3.373603414748094,1.6838012785206093,0.9869028582017829,0.5,30,3,4,16
5.0,9,3.3925211863745224,1.692696544879297,0.993632460679766,0.5,30,3,3,15
5.0,10,3.311374337038928,1.6922566720586556,0.9819489793593311,0.5,29,3,4,16
5.0,11,3.404291409383162,1.6874300889512366,0.9937470560688947,0.5,31,3,3,15
5.0,12,3.264169113266039,1.710234097736918,0.9824098707553675,0.5,27,3,1,15
5.0,13,3.35654584357193,1.8179404765209803,0.987393287246804,0.5,31,3,7,19
5.0,14,3.36,1.6903577913168455,0.9865687112796433,0.5,31,3,3,15
5.0,15,3.4322004603461025,1.6661599861748426,0.9867780628428815,0.5,30,3,3,16
5.0,16,3.3395808120181787,1.6859701449335978,0.9831668415363237,0.5,29,3,4,15
5.0,17,3.3595833074951424,1.6496183392227395,0.9933946384449501,0.5,30,3,3,15
5.0,18,3.3903982067008,1.7013352596050808,0.9746388887254874,0.5,32,4,7,18
5.0,19,3.3934643065752144,1.6890499462600321,0.9889359902754733,0.5,31,3,4,15
